Workbook

Sheet 整月外場班表
A1: 7月 | D1: 應排休天數: | H1: 9 | I1: 天( | J1: 5 | K1: 例 | L1: 4 | M1: 休 | O1: 國) | Q1: 指休 | T1: 排休 | X1: 補休 | AA1: 病假 | AD1: 上課/開會 | AH1: 特休 | AK1: 門店A | AN1: 門店B | AQ1: 門店C
A2: 行政工作 清潔保養 | BN2: 上班 天數
A3: 行銷活動 | F3: 點數 加倍 | N3: 微醺 | T3: 點數 加倍 | BN3: 31
A4: 白霧時光 板橋傑仕堡 | C4: 月底 連上 | D4: 46204 | F4: 46205 | H4: 46206 | J4: 46207 | L4: 46208 | N4: 46209 | P4: 46210 | R4: 46211 | T4: 46212 | V4: 46213 | X4: 46214 | Z4: 46215 | AB4: 46216 | AD4: 46217 | AF4: 46218 | AH4: 46219 | AJ4: 46220 | AL4: 46221 | AN4: 46222 | AP4: 46223 | AR4: 46224 | AT4: 46225 | AV4: 46226 | AX4: 46227 | AZ4: 46228 | BB4: 46229 | BD4: 46230 | BF4: 46231 | BH4: 46232 | BJ4: 46233 | BL4: 46234 | BN4: 應上時數
D5: =D4 -> 46204 | F5: =F4 -> 46205 | H5: =H4 -> 46206 | J5: =J4 -> 46207 | L5: =L4 -> 46208 | N5: =N4 -> 46209 | P5: =P4 -> 46210 | R5: =R4 -> 46211 | T5: =T4 -> 46212 | V5: =V4 -> 46213 | X5: =X4 -> 46214 | Z5: =Z4 -> 46215 | AB5: =AB4 -> 46216 | AD5: =AD4 -> 46217 | AF5: =AF4 -> 46218 | AH5: =AH4 -> 46219 | AJ5: =AJ4 -> 46220 | AL5: =AL4 -> 46221 | AN5: =AN4 -> 46222 | AP5: =AP4 -> 46223 | AR5: =AR4 -> 46224 | AT5: =AT4 -> 46225 | AV5: =AV4 -> 46226 | AX5: =AX4 -> 46227 | AZ5: =AZ4 -> 46228 | BB5: =BB4 -> 46229 | BD5: =BD4 -> 46230 | BF5: =BF4 -> 46231 | BH5: =BH4 -> 46232 | BJ5: =BJ4 -> 46233 | BL5: =BL4 -> 46234 | BN5: 112
A6: 儲備幹部 | B6: 張意昕
BN7: =BN8-$BN$5 -> -112
A8: 22040023 | D8: =(E6-D6)+(E7-D7) -> 0 | F8: =(G6-F6)+(G7-F7) -> 0 | H8: =(I6-H6)+(I7-H7) -> 0 | J8: =(K6-J6)+(K7-J7) -> 0 | L8: =(M6-L6)+(M7-L7) -> 0 | N8: =(O6-N6)+(O7-N7) -> 0 | P8: =(Q6-P6)+(Q7-P7) -> 0 | R8: =(S6-R6)+(S7-R7) -> 0 | T8: =(U6-T6)+(U7-T7) -> 0 | V8: =(W6-V6)+(W7-V7) -> 0 | X8: =(Y6-X6)+(Y7-X7) -> 0 | Z8: =(AA6-Z6)+(AA7-Z7) -> 0 | AB8: =(AC6-AB6)+(AC7-AB7) -> 0 | AD8: =(AE6-AD6)+(AE7-AD7) -> 0 | AF8: =(AG6-AF6)+(AG7-AF7) -> 0 | AH8: =(AI6-AH6)+(AI7-AH7) -> 0 | AJ8: =(AK6-AJ6)+(AK7-AJ7) -> 0 | AL8: =(AM6-AL6)+(AM7-AL7) -> 0 | AN8: =(AO6-AN6)+(AO7-AN7) -> 0 | AP8: =(AQ6-AP6)+(AQ7-AP7) -> 0 | AR8: =(AS6-AR6)+(AS7-AR7) -> 0 | AT8: =(AU6-AT6)+(AU7-AT7) -> 0 | AV8: =(AW6-AV6)+(AW7-AV7) -> 0 | AX8: =(AY6-AX6)+(AY7-AX7) -> 0 | AZ8: =(BA6-AZ6)+(BA7-AZ7) -> 0 | BB8: =(BC6-BB6)+(BC7-BB7) -> 0 | BD8: =(BE6-BD6)+(BE7-BD7) -> 0 | BF8: =(BG6-BF6)+(BG7-BF7) -> 0 | BH8: =(BI6-BH6)+(BI7-BH7) -> 0 | BJ8: =(BK6-BJ6)+(BK7-BJ7) -> 0 | BL8: =(BM6-BL6)+(BM7-BL7) -> 0 | BN8: =SUM(D8:BM8) -> 0
A9: 儲備幹部 | B9: 楊衡欣
BN10: =BN11-$BN$5 -> -112
D11: =(E9-D9)+(E10-D10) -> 0 | F11: =(G9-F9)+(G10-F10) -> 0 | H11: =(I9-H9)+(I10-H10) -> 0 | J11: =(K9-J9)+(K10-J10) -> 0 | L11: =(M9-L9)+(M10-L10) -> 0 | N11: =(O9-N9)+(O10-N10) -> 0 | P11: =(Q9-P9)+(Q10-P10) -> 0 | R11: =(S9-R9)+(S10-R10) -> 0 | T11: =(U9-T9)+(U10-T10) -> 0 | V11: =(W9-V9)+(W10-V10) -> 0 | X11: =(Y9-X9)+(Y10-X10) -> 0 | Z11: =(AA9-Z9)+(AA10-Z10) -> 0 | AB11: =(AC9-AB9)+(AC10-AB10) -> 0 | AD11: =(AE9-AD9)+(AE10-AD10) -> 0 | AF11: =(AG9-AF9)+(AG10-AF10) -> 0 | AH11: =(AI9-AH9)+(AI10-AH10) -> 0 | AJ11: =(AK9-AJ9)+(AK10-AJ10) -> 0 | AL11: =(AM9-AL9)+(AM10-AL10) -> 0 | AN11: =(AO9-AN9)+(AO10-AN10) -> 0 | AP11: =(AQ9-AP9)+(AQ10-AP10) -> 0 | AR11: =(AS9-AR9)+(AS10-AR10) -> 0 | AT11: =(AU9-AT9)+(AU10-AT10) -> 0 | AV11: =(AW9-AV9)+(AW10-AV10) -> 0 | AX11: =(AY9-AX9)+(AY10-AX10) -> 0 | AZ11: =(BA9-AZ9)+(BA10-AZ10) -> 0 | BB11: =(BC9-BB9)+(BC10-BB10) -> 0 | BD11: =(BE9-BD9)+(BE10-BD10) -> 0 | BF11: =(BG9-BF9)+(BG10-BF10) -> 0 | BH11: =(BI9-BH9)+(BI10-BH10) -> 0 | BJ11: =(BK9-BJ9)+(BK10-BJ10) -> 0 | BL11: =(BM9-BL9)+(BM10-BL10) -> 0 | BN11: =SUM(D11:BM11) -> 0
A12: 儲備幹部 | B12: 宋文馨
BN13: =BN14-$BN$5 -> -112
D14: =(E12-D12)+(E13-D13) -> 0 | F14: =(G12-F12)+(G13-F13) -> 0 | H14: =(I12-H12)+(I13-H13) -> 0 | J14: =(K12-J12)+(K13-J13) -> 0 | L14: =(M12-L12)+(M13-L13) -> 0 | N14: =(O12-N12)+(O13-N13) -> 0 | P14: =(Q12-P12)+(Q13-P13) -> 0 | R14: =(S12-R12)+(S13-R13) -> 0 | T14: =(U12-T12)+(U13-T13) -> 0 | V14: =(W12-V12)+(W13-V13) -> 0 | X14: =(Y12-X12)+(Y13-X13) -> 0 | Z14: =(AA12-Z12)+(AA13-Z13) -> 0 | AB14: =(AC12-AB12)+(AC13-AB13) -> 0 | AD14: =(AE12-AD12)+(AE13-AD13) -> 0 | AF14: =(AG12-AF12)+(AG13-AF13) -> 0 | AH14: =(AI12-AH12)+(AI13-AH13) -> 0 | AJ14: =(AK12-AJ12)+(AK13-AJ13) -> 0 | AL14: =(AM12-AL12)+(AM13-AL13) -> 0 | AN14: =(AO12-AN12)+(AO13-AN13) -> 0 | AP14: =(AQ12-AP12)+(AQ13-AP13) -> 0 | AR14: =(AS12-AR12)+(AS13-AR13) -> 0 | AT14: =(AU12-AT12)+(AU13-AT13) -> 0 | AV14: =(AW12-AV12)+(AW13-AV13) -> 0 | AX14: =(AY12-AX12)+(AY13-AX13) -> 0 | AZ14: =(BA12-AZ12)+(BA13-AZ13) -> 0 | BB14: =(BC12-BB12)+(BC13-BB13) -> 0 | BD14: =(BE12-BD12)+(BE13-BD13) -> 0 | BF14: =(BG12-BF12)+(BG13-BF13) -> 0 | BH14: =(BI12-BH12)+(BI13-BH13) -> 0 | BJ14: =(BK12-BJ12)+(BK13-BJ13) -> 0 | BL14: =(BM12-BL12)+(BM13-BL13) -> 0 | BN14: =SUM(D14:BM14) -> 0
A15: 正職 | B15: 程楚茜
BN16: =BN17-$BN$5 -> -112
D17: =(E15-D15)+(E16-D16) -> 0 | F17: =(G15-F15)+(G16-F16) -> 0 | H17: =(I15-H15)+(I16-H16) -> 0 | J17: =(K15-J15)+(K16-J16) -> 0 | L17: =(M15-L15)+(M16-L16) -> 0 | N17: =(O15-N15)+(O16-N16) -> 0 | P17: =(Q15-P15)+(Q16-P16) -> 0 | R17: =(S15-R15)+(S16-R16) -> 0 | T17: =(U15-T15)+(U16-T16) -> 0 | V17: =(W15-V15)+(W16-V16) -> 0 | X17: =(Y15-X15)+(Y16-X16) -> 0 | Z17: =(AA15-Z15)+(AA16-Z16) -> 0 | AB17: =(AC15-AB15)+(AC16-AB16) -> 0 | AD17: =(AE15-AD15)+(AE16-AD16) -> 0 | AF17: =(AG15-AF15)+(AG16-AF16) -> 0 | AH17: =(AI15-AH15)+(AI16-AH16) -> 0 | AJ17: =(AK15-AJ15)+(AK16-AJ16) -> 0 | AL17: =(AM15-AL15)+(AM16-AL16) -> 0 | AN17: =(AO15-AN15)+(AO16-AN16) -> 0 | AP17: =(AQ15-AP15)+(AQ16-AP16) -> 0 | AR17: =(AS15-AR15)+(AS16-AR16) -> 0 | AT17: =(AU15-AT15)+(AU16-AT16) -> 0 | AV17: =(AW15-AV15)+(AW16-AV16) -> 0 | AX17: =(AY15-AX15)+(AY16-AX16) -> 0 | AZ17: =(BA15-AZ15)+(BA16-AZ16) -> 0 | BB17: =(BC15-BB15)+(BC16-BB16) -> 0 | BD17: =(BE15-BD15)+(BE16-BD16) -> 0 | BF17: =(BG15-BF15)+(BG16-BF16) -> 0 | BH17: =(BI15-BH15)+(BI16-BH16) -> 0 | BJ17: =(BK15-BJ15)+(BK16-BJ16) -> 0 | BL17: =(BM15-BL15)+(BM16-BL16) -> 0 | BN17: =SUM(D17:BM17) -> 0
A18: 正職 | B18: 林郁珮
BN19: =BN20-$BN$5 -> -112
D20: =(E18-D18)+(E19-D19) -> 0 | F20: =(G18-F18)+(G19-F19) -> 0 | H20: =(I18-H18)+(I19-H19) -> 0 | J20: =(K18-J18)+(K19-J19) -> 0 | L20: =(M18-L18)+(M19-L19) -> 0 | N20: =(O18-N18)+(O19-N19) -> 0 | P20: =(Q18-P18)+(Q19-P19) -> 0 | R20: =(S18-R18)+(S19-R19) -> 0 | T20: =(U18-T18)+(U19-T19) -> 0 | V20: =(W18-V18)+(W19-V19) -> 0 | X20: =(Y18-X18)+(Y19-X19) -> 0 | Z20: =(AA18-Z18)+(AA19-Z19) -> 0 | AB20: =(AC18-AB18)+(AC19-AB19) -> 0 | AD20: =(AE18-AD18)+(AE19-AD19) -> 0 | AF20: =(AG18-AF18)+(AG19-AF19) -> 0 | AH20: =(AI18-AH18)+(AI19-AH19) -> 0 | AJ20: =(AK18-AJ18)+(AK19-AJ19) -> 0 | AL20: =(AM18-AL18)+(AM19-AL19) -> 0 | AN20: =(AO18-AN18)+(AO19-AN19) -> 0 | AP20: =(AQ18-AP18)+(AQ19-AP19) -> 0 | AR20: =(AS18-AR18)+(AS19-AR19) -> 0 | AT20: =(AU18-AT18)+(AU19-AT19) -> 0 | AV20: =(AW18-AV18)+(AW19-AV19) -> 0 | AX20: =(AY18-AX18)+(AY19-AX19) -> 0 | AZ20: =(BA18-AZ18)+(BA19-AZ19) -> 0 | BB20: =(BC18-BB18)+(BC19-BB19) -> 0 | BD20: =(BE18-BD18)+(BE19-BD19) -> 0 | BF20: =(BG18-BF18)+(BG19-BF19) -> 0 | BH20: =(BI18-BH18)+(BI19-BH19) -> 0 | BJ20: =(BK18-BJ18)+(BK19-BJ19) -> 0 | BL20: =(BM18-BL18)+(BM19-BL19) -> 0 | BN20: =SUM(D20:BM20) -> 0
BN22: =BN23-$BN$5 -> -112
D23: =(E21-D21)+(E22-D22) -> 0 | F23: =(G21-F21)+(G22-F22) -> 0 | H23: =(I21-H21)+(I22-H22) -> 0 | J23: =(K21-J21)+(K22-J22) -> 0 | L23: =(M21-L21)+(M22-L22) -> 0 | N23: =(O21-N21)+(O22-N22) -> 0 | P23: =(Q21-P21)+(Q22-P22) -> 0 | R23: =(S21-R21)+(S22-R22) -> 0 | T23: =(U21-T21)+(U22-T22) -> 0 | V23: =(W21-V21)+(W22-V22) -> 0 | X23: =(Y21-X21)+(Y22-X22) -> 0 | Z23: =(AA21-Z21)+(AA22-Z22) -> 0 | AB23: =(AC21-AB21)+(AC22-AB22) -> 0 | AD23: =(AE21-AD21)+(AE22-AD22) -> 0 | AF23: =(AG21-AF21)+(AG22-AF22) -> 0 | AH23: =(AI21-AH21)+(AI22-AH22) -> 0 | AJ23: =(AK21-AJ21)+(AK22-AJ22) -> 0 | AL23: =(AM21-AL21)+(AM22-AL22) -> 0 | AN23: =(AO21-AN21)+(AO22-AN22) -> 0 | AP23: =(AQ21-AP21)+(AQ22-AP22) -> 0 | AR23: =(AS21-AR21)+(AS22-AR22) -> 0 | AT23: =(AU21-AT21)+(AU22-AT22) -> 0 | AV23: =(AW21-AV21)+(AW22-AV22) -> 0 | AX23: =(AY21-AX21)+(AY22-AX22) -> 0 | AZ23: =(BA21-AZ21)+(BA22-AZ22) -> 0 | BB23: =(BC21-BB21)+(BC22-BB22) -> 0 | BD23: =(BE21-BD21)+(BE22-BD22) -> 0 | BF23: =(BG21-BF21)+(BG22-BF22) -> 0 | BH23: =(BI21-BH21)+(BI22-BH22) -> 0 | BJ23: =(BK21-BJ21)+(BK22-BJ22) -> 0 | BL23: =(BM21-BL21)+(BM22-BL22) -> 0 | BN23: =SUM(D23:BM23) -> 0
BN25: =BN26-$BN$5 -> -112
D26: =(E24-D24)+(E25-D25) -> 0 | F26: =(G24-F24)+(G25-F25) -> 0 | H26: =(I24-H24)+(I25-H25) -> 0 | J26: =(K24-J24)+(K25-J25) -> 0 | L26: =(M24-L24)+(M25-L25) -> 0 | N26: =(O24-N24)+(O25-N25) -> 0 | P26: =(Q24-P24)+(Q25-P25) -> 0 | R26: =(S24-R24)+(S25-R25) -> 0 | T26: =(U24-T24)+(U25-T25) -> 0 | V26: =(W24-V24)+(W25-V25) -> 0 | X26: =(Y24-X24)+(Y25-X25) -> 0 | Z26: =(AA24-Z24)+(AA25-Z25) -> 0 | AB26: =(AC24-AB24)+(AC25-AB25) -> 0 | AD26: =(AE24-AD24)+(AE25-AD25) -> 0 | AF26: =(AG24-AF24)+(AG25-AF25) -> 0 | AH26: =(AI24-AH24)+(AI25-AH25) -> 0 | AJ26: =(AK24-AJ24)+(AK25-AJ25) -> 0 | AL26: =(AM24-AL24)+(AM25-AL25) -> 0 | AN26: =(AO24-AN24)+(AO25-AN25) -> 0 | AP26: =(AQ24-AP24)+(AQ25-AP25) -> 0 | AR26: =(AS24-AR24)+(AS25-AR25) -> 0 | AT26: =(AU24-AT24)+(AU25-AT25) -> 0 | AV26: =(AW24-AV24)+(AW25-AV25) -> 0 | AX26: =(AY24-AX24)+(AY25-AX25) -> 0 | AZ26: =(BA24-AZ24)+(BA25-AZ25) -> 0 | BB26: =(BC24-BB24)+(BC25-BB25) -> 0 | BD26: =(BE24-BD24)+(BE25-BD25) -> 0 | BF26: =(BG24-BF24)+(BG25-BF25) -> 0 | BH26: =(BI24-BH24)+(BI25-BH25) -> 0 | BJ26: =(BK24-BJ24)+(BK25-BJ25) -> 0 | BL26: =(BM24-BL24)+(BM25-BL25) -> 0 | BN26: =SUM(D26:BM26) -> 0
A27: 兼職 | B27: 黃先祺
BN28: =BN29-$BN$5 -> -112
A29: 25120137 | D29: =(E27-D27)+(E28-D28) -> 0 | F29: =(G27-F27)+(G28-F28) -> 0 | H29: =(I27-H27)+(I28-H28) -> 0 | J29: =(K27-J27)+(K28-J28) -> 0 | L29: =(M27-L27)+(M28-L28) -> 0 | N29: =(O27-N27)+(O28-N28) -> 0 | P29: =(Q27-P27)+(Q28-P28) -> 0 | R29: =(S27-R27)+(S28-R28) -> 0 | T29: =(U27-T27)+(U28-T28) -> 0 | V29: =(W27-V27)+(W28-V28) -> 0 | X29: =(Y27-X27)+(Y28-X28) -> 0 | Z29: =(AA27-Z27)+(AA28-Z28) -> 0 | AB29: =(AC27-AB27)+(AC28-AB28) -> 0 | AD29: =(AE27-AD27)+(AE28-AD28) -> 0 | AF29: =(AG27-AF27)+(AG28-AF28) -> 0 | AH29: =(AI27-AH27)+(AI28-AH28) -> 0 | AJ29: =(AK27-AJ27)+(AK28-AJ28) -> 0 | AL29: =(AM27-AL27)+(AM28-AL28) -> 0 | AN29: =(AO27-AN27)+(AO28-AN28) -> 0 | AP29: =(AQ27-AP27)+(AQ28-AP28) -> 0 | AR29: =(AS27-AR27)+(AS28-AR28) -> 0 | AT29: =(AU27-AT27)+(AU28-AT28) -> 0 | AV29: =(AW27-AV27)+(AW28-AV28) -> 0 | AX29: =(AY27-AX27)+(AY28-AX28) -> 0 | AZ29: =(BA27-AZ27)+(BA28-AZ28) -> 0 | BB29: =(BC27-BB27)+(BC28-BB28) -> 0 | BD29: =(BE27-BD27)+(BE28-BD28) -> 0 | BF29: =(BG27-BF27)+(BG28-BF28) -> 0 | BH29: =(BI27-BH27)+(BI28-BH28) -> 0 | BJ29: =(BK27-BJ27)+(BK28-BJ28) -> 0 | BL29: =(BM27-BL27)+(BM28-BL28) -> 0 | BN29: =SUM(D29:BM29) -> 0
BN31: =BN32-$BN$5 -> -112
D32: =(E30-D30)+(E31-D31) -> 0 | F32: =(G30-F30)+(G31-F31) -> 0 | H32: =(I30-H30)+(I31-H31) -> 0 | J32: =(K30-J30)+(K31-J31) -> 0 | L32: =(M30-L30)+(M31-L31) -> 0 | N32: =(O30-N30)+(O31-N31) -> 0 | P32: =(Q30-P30)+(Q31-P31) -> 0 | R32: =(S30-R30)+(S31-R31) -> 0 | T32: =(U30-T30)+(U31-T31) -> 0 | V32: =(W30-V30)+(W31-V31) -> 0 | X32: =(Y30-X30)+(Y31-X31) -> 0 | Z32: =(AA30-Z30)+(AA31-Z31) -> 0 | AB32: =(AC30-AB30)+(AC31-AB31) -> 0 | AD32: =(AE30-AD30)+(AE31-AD31) -> 0 | AF32: =(AG30-AF30)+(AG31-AF31) -> 0 | AH32: =(AI30-AH30)+(AI31-AH31) -> 0 | AJ32: =(AK30-AJ30)+(AK31-AJ31) -> 0 | AL32: =(AM30-AL30)+(AM31-AL31) -> 0 | AN32: =(AO30-AN30)+(AO31-AN31) -> 0 | AP32: =(AQ30-AP30)+(AQ31-AP31) -> 0 | AR32: =(AS30-AR30)+(AS31-AR31) -> 0 | AT32: =(AU30-AT30)+(AU31-AT31) -> 0 | AV32: =(AW30-AV30)+(AW31-AV31) -> 0 | AX32: =(AY30-AX30)+(AY31-AX31) -> 0 | AZ32: =(BA30-AZ30)+(BA31-AZ31) -> 0 | BB32: =(BC30-BB30)+(BC31-BB31) -> 0 | BD32: =(BE30-BD30)+(BE31-BD31) -> 0 | BF32: =(BG30-BF30)+(BG31-BF31) -> 0 | BH32: =(BI30-BH30)+(BI31-BH31) -> 0 | BJ32: =(BK30-BJ30)+(BK31-BJ31) -> 0 | BL32: =(BM30-BL30)+(BM31-BL31) -> 0 | BN32: =SUM(D32:BM32) -> 0
BN34: =BN35-$BN$5 -> -112
D35: =(E33-D33)+(E34-D34) -> 0 | F35: =(G33-F33)+(G34-F34) -> 0 | H35: =(I33-H33)+(I34-H34) -> 0 | J35: =(K33-J33)+(K34-J34) -> 0 | L35: =(M33-L33)+(M34-L34) -> 0 | N35: =(O33-N33)+(O34-N34) -> 0 | P35: =(Q33-P33)+(Q34-P34) -> 0 | R35: =(S33-R33)+(S34-R34) -> 0 | T35: =(U33-T33)+(U34-T34) -> 0 | V35: =(W33-V33)+(W34-V34) -> 0 | X35: =(Y33-X33)+(Y34-X34) -> 0 | Z35: =(AA33-Z33)+(AA34-Z34) -> 0 | AB35: =(AC33-AB33)+(AC34-AB34) -> 0 | AD35: =(AE33-AD33)+(AE34-AD34) -> 0 | AF35: =(AG33-AF33)+(AG34-AF34) -> 0 | AH35: =(AI33-AH33)+(AI34-AH34) -> 0 | AJ35: =(AK33-AJ33)+(AK34-AJ34) -> 0 | AL35: =(AM33-AL33)+(AM34-AL34) -> 0 | AN35: =(AO33-AN33)+(AO34-AN34) -> 0 | AP35: =(AQ33-AP33)+(AQ34-AP34) -> 0 | AR35: =(AS33-AR33)+(AS34-AR34) -> 0 | AT35: =(AU33-AT33)+(AU34-AT34) -> 0 | AV35: =(AW33-AV33)+(AW34-AV34) -> 0 | AX35: =(AY33-AX33)+(AY34-AX34) -> 0 | AZ35: =(BA33-AZ33)+(BA34-AZ34) -> 0 | BB35: =(BC33-BB33)+(BC34-BB34) -> 0 | BD35: =(BE33-BD33)+(BE34-BD34) -> 0 | BF35: =(BG33-BF33)+(BG34-BF34) -> 0 | BH35: =(BI33-BH33)+(BI34-BH34) -> 0 | BJ35: =(BK33-BJ33)+(BK34-BJ34) -> 0 | BL35: =(BM33-BL33)+(BM34-BL34) -> 0 | BN35: =SUM(D35:BM35) -> 0
BN37: =BN38-$BN$5 -> -112
D38: =(E36-D36)+(E37-D37) -> 0 | F38: =(G36-F36)+(G37-F37) -> 0 | H38: =(I36-H36)+(I37-H37) -> 0 | J38: =(K36-J36)+(K37-J37) -> 0 | L38: =(M36-L36)+(M37-L37) -> 0 | N38: =(O36-N36)+(O37-N37) -> 0 | P38: =(Q36-P36)+(Q37-P37) -> 0 | R38: =(S36-R36)+(S37-R37) -> 0 | T38: =(U36-T36)+(U37-T37) -> 0 | V38: =(W36-V36)+(W37-V37) -> 0 | X38: =(Y36-X36)+(Y37-X37) -> 0 | Z38: =(AA36-Z36)+(AA37-Z37) -> 0 | AB38: =(AC36-AB36)+(AC37-AB37) -> 0 | AD38: =(AE36-AD36)+(AE37-AD37) -> 0 | AF38: =(AG36-AF36)+(AG37-AF37) -> 0 | AH38: =(AI36-AH36)+(AI37-AH37) -> 0 | AJ38: =(AK36-AJ36)+(AK37-AJ37) -> 0 | AL38: =(AM36-AL36)+(AM37-AL37) -> 0 | AN38: =(AO36-AN36)+(AO37-AN37) -> 0 | AP38: =(AQ36-AP36)+(AQ37-AP37) -> 0 | AR38: =(AS36-AR36)+(AS37-AR37) -> 0 | AT38: =(AU36-AT36)+(AU37-AT37) -> 0 | AV38: =(AW36-AV36)+(AW37-AV37) -> 0 | AX38: =(AY36-AX36)+(AY37-AX37) -> 0 | AZ38: =(BA36-AZ36)+(BA37-AZ37) -> 0 | BB38: =(BC36-BB36)+(BC37-BB37) -> 0 | BD38: =(BE36-BD36)+(BE37-BD37) -> 0 | BF38: =(BG36-BF36)+(BG37-BF37) -> 0 | BH38: =(BI36-BH36)+(BI37-BH37) -> 0 | BJ38: =(BK36-BJ36)+(BK37-BJ37) -> 0 | BL38: =(BM36-BL36)+(BM37-BL37) -> 0 | BN38: =SUM(D38:BM38) -> 0
BN40: =BN41-$BN$5 -> -112
D41: =(E39-D39)+(E40-D40) -> 0 | F41: =(G39-F39)+(G40-F40) -> 0 | H41: =(I39-H39)+(I40-H40) -> 0 | J41: =(K39-J39)+(K40-J40) -> 0 | L41: =(M39-L39)+(M40-L40) -> 0 | N41: =(O39-N39)+(O40-N40) -> 0 | P41: =(Q39-P39)+(Q40-P40) -> 0 | R41: =(S39-R39)+(S40-R40) -> 0 | T41: =(U39-T39)+(U40-T40) -> 0 | V41: =(W39-V39)+(W40-V40) -> 0 | X41: =(Y39-X39)+(Y40-X40) -> 0 | Z41: =(AA39-Z39)+(AA40-Z40) -> 0 | AB41: =(AC39-AB39)+(AC40-AB40) -> 0 | AD41: =(AE39-AD39)+(AE40-AD40) -> 0 | AF41: =(AG39-AF39)+(AG40-AF40) -> 0 | AH41: =(AI39-AH39)+(AI40-AH40) -> 0 | AJ41: =(AK39-AJ39)+(AK40-AJ40) -> 0 | AL41: =(AM39-AL39)+(AM40-AL40) -> 0 | AN41: =(AO39-AN39)+(AO40-AN40) -> 0 | AP41: =(AQ39-AP39)+(AQ40-AP40) -> 0 | AR41: =(AS39-AR39)+(AS40-AR40) -> 0 | AT41: =(AU39-AT39)+(AU40-AT40) -> 0 | AV41: =(AW39-AV39)+(AW40-AV40) -> 0 | AX41: =(AY39-AX39)+(AY40-AX40) -> 0 | AZ41: =(BA39-AZ39)+(BA40-AZ40) -> 0 | BB41: =(BC39-BB39)+(BC40-BB40) -> 0 | BD41: =(BE39-BD39)+(BE40-BD40) -> 0 | BF41: =(BG39-BF39)+(BG40-BF40) -> 0 | BH41: =(BI39-BH39)+(BI40-BH40) -> 0 | BJ41: =(BK39-BJ39)+(BK40-BJ40) -> 0 | BL41: =(BM39-BL39)+(BM40-BL40) -> 0 | BN41: =SUM(D41:BM41) -> 0
B42: 梁芷瑄 | D42: 9 | E42: 13
D43: 14 | E43: 18 | BN43: =BN44-$BN$5 -> -104
D44: =(E42-D42)+(E43-D43) -> 8 | F44: =(G42-F42)+(G43-F43) -> 0 | H44: =(I42-H42)+(I43-H43) -> 0 | J44: =(K42-J42)+(K43-J43) -> 0 | L44: =(M42-L42)+(M43-L43) -> 0 | N44: =(O42-N42)+(O43-N43) -> 0 | P44: =(Q42-P42)+(Q43-P43) -> 0 | R44: =(S42-R42)+(S43-R43) -> 0 | T44: =(U42-T42)+(U43-T43) -> 0 | V44: =(W42-V42)+(W43-V43) -> 0 | X44: =(Y42-X42)+(Y43-X43) -> 0 | Z44: =(AA42-Z42)+(AA43-Z43) -> 0 | AB44: =(AC42-AB42)+(AC43-AB43) -> 0 | AD44: =(AE42-AD42)+(AE43-AD43) -> 0 | AF44: =(AG42-AF42)+(AG43-AF43) -> 0 | AH44: =(AI42-AH42)+(AI43-AH43) -> 0 | AJ44: =(AK42-AJ42)+(AK43-AJ43) -> 0 | AL44: =(AM42-AL42)+(AM43-AL43) -> 0 | AN44: =(AO42-AN42)+(AO43-AN43) -> 0 | AP44: =(AQ42-AP42)+(AQ43-AP43) -> 0 | AR44: =(AS42-AR42)+(AS43-AR43) -> 0 | AT44: =(AU42-AT42)+(AU43-AT43) -> 0 | AV44: =(AW42-AV42)+(AW43-AV43) -> 0 | AX44: =(AY42-AX42)+(AY43-AX43) -> 0 | AZ44: =(BA42-AZ42)+(BA43-AZ43) -> 0 | BB44: =(BC42-BB42)+(BC43-BB43) -> 0 | BD44: =(BE42-BD42)+(BE43-BD43) -> 0 | BF44: =(BG42-BF42)+(BG43-BF43) -> 0 | BH44: =(BI42-BH42)+(BI43-BH43) -> 0 | BJ44: =(BK42-BJ42)+(BK43-BJ43) -> 0 | BL44: =(BM42-BL42)+(BM43-BL43) -> 0 | BN44: =SUM(D44:BM44) -> 8
A45: 中午餐期上班人數 | D45: =COUNTIF(D6:D44,"12")+COUNTIF(D6:D44,"10")+COUNTIF(D6:D44,"11")+COUNTIF(D6:D44,"11.5")+COUNTIF(D6:D44,"10.5") -> 0 | F45: =COUNTIF(F6:F44,"12")+COUNTIF(F6:F44,"10")+COUNTIF(F6:F44,"11")+COUNTIF(F6:F44,"11.5")+COUNTIF(F6:F44,"10.5") -> 0 | H45: =COUNTIF(H6:H44,"12")+COUNTIF(H6:H44,"10")+COUNTIF(H6:H44,"11")+COUNTIF(H6:H44,"11.5")+COUNTIF(H6:H44,"10.5") -> 0 | J45: =COUNTIF(J6:J44,"12")+COUNTIF(J6:J44,"10")+COUNTIF(J6:J44,"11")+COUNTIF(J6:J44,"11.5")+COUNTIF(J6:J44,"10.5") -> 0 | L45: =COUNTIF(L6:L44,"12")+COUNTIF(L6:L44,"10")+COUNTIF(L6:L44,"11")+COUNTIF(L6:L44,"11.5")+COUNTIF(L6:L44,"10.5") -> 0 | N45: =COUNTIF(N6:N44,"12")+COUNTIF(N6:N44,"10")+COUNTIF(N6:N44,"11")+COUNTIF(N6:N44,"11.5")+COUNTIF(N6:N44,"10.5") -> 0 | P45: =COUNTIF(P6:P44,"12")+COUNTIF(P6:P44,"10")+COUNTIF(P6:P44,"11")+COUNTIF(P6:P44,"11.5")+COUNTIF(P6:P44,"10.5") -> 0 | R45: =COUNTIF(R6:R44,"12")+COUNTIF(R6:R44,"10")+COUNTIF(R6:R44,"11")+COUNTIF(R6:R44,"11.5")+COUNTIF(R6:R44,"10.5") -> 0 | T45: =COUNTIF(T6:T44,"12")+COUNTIF(T6:T44,"10")+COUNTIF(T6:T44,"11")+COUNTIF(T6:T44,"11.5")+COUNTIF(T6:T44,"10.5") -> 0 | V45: =COUNTIF(V6:V44,"12")+COUNTIF(V6:V44,"10")+COUNTIF(V6:V44,"11")+COUNTIF(V6:V44,"11.5")+COUNTIF(V6:V44,"10.5") -> 0 | X45: =COUNTIF(X6:X44,"12")+COUNTIF(X6:X44,"10")+COUNTIF(X6:X44,"11")+COUNTIF(X6:X44,"11.5")+COUNTIF(X6:X44,"10.5") -> 0 | Z45: =COUNTIF(Z6:Z44,"12")+COUNTIF(Z6:Z44,"10")+COUNTIF(Z6:Z44,"11")+COUNTIF(Z6:Z44,"11.5")+COUNTIF(Z6:Z44,"10.5") -> 0 | AB45: =COUNTIF(AB6:AB44,"12")+COUNTIF(AB6:AB44,"10")+COUNTIF(AB6:AB44,"11")+COUNTIF(AB6:AB44,"11.5")+COUNTIF(AB6:AB44,"10.5") -> 0 | AD45: =COUNTIF(AD6:AD44,"12")+COUNTIF(AD6:AD44,"10")+COUNTIF(AD6:AD44,"11")+COUNTIF(AD6:AD44,"11.5")+COUNTIF(AD6:AD44,"10.5") -> 0 | AF45: =COUNTIF(AF6:AF44,"12")+COUNTIF(AF6:AF44,"10")+COUNTIF(AF6:AF44,"11")+COUNTIF(AF6:AF44,"11.5")+COUNTIF(AF6:AF44,"10.5") -> 0 | AH45: =COUNTIF(AH6:AH44,"12")+COUNTIF(AH6:AH44,"10")+COUNTIF(AH6:AH44,"11")+COUNTIF(AH6:AH44,"11.5")+COUNTIF(AH6:AH44,"10.5") -> 0 | AJ45: =COUNTIF(AJ6:AJ44,"12")+COUNTIF(AJ6:AJ44,"10")+COUNTIF(AJ6:AJ44,"11")+COUNTIF(AJ6:AJ44,"11.5")+COUNTIF(AJ6:AJ44,"10.5") -> 0 | AL45: =COUNTIF(AL6:AL44,"12")+COUNTIF(AL6:AL44,"10")+COUNTIF(AL6:AL44,"11")+COUNTIF(AL6:AL44,"11.5")+COUNTIF(AL6:AL44,"10.5") -> 0 | AN45: =COUNTIF(AN6:AN44,"12")+COUNTIF(AN6:AN44,"10")+COUNTIF(AN6:AN44,"11")+COUNTIF(AN6:AN44,"11.5")+COUNTIF(AN6:AN44,"10.5") -> 0 | AP45: =COUNTIF(AP6:AP44,"12")+COUNTIF(AP6:AP44,"10")+COUNTIF(AP6:AP44,"11")+COUNTIF(AP6:AP44,"11.5")+COUNTIF(AP6:AP44,"10.5") -> 0 | AR45: =COUNTIF(AR6:AR44,"12")+COUNTIF(AR6:AR44,"10")+COUNTIF(AR6:AR44,"11")+COUNTIF(AR6:AR44,"11.5")+COUNTIF(AR6:AR44,"10.5") -> 0 | AT45: =COUNTIF(AT6:AT44,"12")+COUNTIF(AT6:AT44,"10")+COUNTIF(AT6:AT44,"11")+COUNTIF(AT6:AT44,"11.5")+COUNTIF(AT6:AT44,"10.5") -> 0 | AV45: =COUNTIF(AV6:AV44,"12")+COUNTIF(AV6:AV44,"10")+COUNTIF(AV6:AV44,"11")+COUNTIF(AV6:AV44,"11.5")+COUNTIF(AV6:AV44,"10.5") -> 0 | AX45: =COUNTIF(AX6:AX44,"12")+COUNTIF(AX6:AX44,"10")+COUNTIF(AX6:AX44,"11")+COUNTIF(AX6:AX44,"11.5")+COUNTIF(AX6:AX44,"10.5") -> 0 | AZ45: =COUNTIF(AZ6:AZ44,"12")+COUNTIF(AZ6:AZ44,"10")+COUNTIF(AZ6:AZ44,"11")+COUNTIF(AZ6:AZ44,"11.5")+COUNTIF(AZ6:AZ44,"10.5") -> 0 | BB45: =COUNTIF(BB6:BB44,"12")+COUNTIF(BB6:BB44,"10")+COUNTIF(BB6:BB44,"11")+COUNTIF(BB6:BB44,"11.5")+COUNTIF(BB6:BB44,"10.5") -> 0 | BD45: =COUNTIF(BD6:BD44,"12")+COUNTIF(BD6:BD44,"10")+COUNTIF(BD6:BD44,"11")+COUNTIF(BD6:BD44,"11.5")+COUNTIF(BD6:BD44,"10.5") -> 0 | BF45: =COUNTIF(BF6:BF44,"12")+COUNTIF(BF6:BF44,"10")+COUNTIF(BF6:BF44,"11")+COUNTIF(BF6:BF44,"11.5")+COUNTIF(BF6:BF44,"10.5") -> 0 | BH45: =COUNTIF(BH6:BH44,"12")+COUNTIF(BH6:BH44,"10")+COUNTIF(BH6:BH44,"11")+COUNTIF(BH6:BH44,"11.5")+COUNTIF(BH6:BH44,"10.5") -> 0 | BJ45: =COUNTIF(BJ6:BJ44,"12")+COUNTIF(BJ6:BJ44,"10")+COUNTIF(BJ6:BJ44,"11")+COUNTIF(BJ6:BJ44,"11.5")+COUNTIF(BJ6:BJ44,"10.5") -> 0 | BL45: =COUNTIF(BL6:BL44,"12")+COUNTIF(BL6:BL44,"10")+COUNTIF(BL6:BL44,"11")+COUNTIF(BL6:BL44,"11.5")+COUNTIF(BL6:BL44,"10.5") -> 0 | BN45: 總時數
A46: 下午餐期上班人數 | D46: =COUNTIF(E3:E44,"16")+COUNTIF(E3:E44,"16.5")+COUNTIF(E3:E44,"17") -> 0 | F46: =COUNTIF(G3:G44,"16")+COUNTIF(G3:G44,"16.5")+COUNTIF(G3:G44,"17") -> 0 | H46: =COUNTIF(I3:I44,"16")+COUNTIF(I3:I44,"16.5")+COUNTIF(I3:I44,"17") -> 0 | J46: =COUNTIF(K3:K44,"16")+COUNTIF(K3:K44,"16.5")+COUNTIF(K3:K44,"17") -> 0 | L46: =COUNTIF(M3:M44,"16")+COUNTIF(M3:M44,"16.5")+COUNTIF(M3:M44,"17") -> 0 | N46: =COUNTIF(O3:O44,"16")+COUNTIF(O3:O44,"16.5")+COUNTIF(O3:O44,"17") -> 0 | P46: =COUNTIF(Q3:Q44,"16")+COUNTIF(Q3:Q44,"16.5")+COUNTIF(Q3:Q44,"17") -> 0 | R46: =COUNTIF(S3:S44,"16")+COUNTIF(S3:S44,"16.5")+COUNTIF(S3:S44,"17") -> 0 | T46: =COUNTIF(U3:U44,"16")+COUNTIF(U3:U44,"16.5")+COUNTIF(U3:U44,"17") -> 0 | V46: =COUNTIF(W3:W44,"16")+COUNTIF(W3:W44,"16.5")+COUNTIF(W3:W44,"17") -> 0 | X46: =COUNTIF(Y3:Y44,"16")+COUNTIF(Y3:Y44,"16.5")+COUNTIF(Y3:Y44,"17") -> 0 | Z46: =COUNTIF(AA3:AA44,"16")+COUNTIF(AA3:AA44,"16.5")+COUNTIF(AA3:AA44,"17") -> 0 | AB46: =COUNTIF(AC3:AC44,"16")+COUNTIF(AC3:AC44,"16.5")+COUNTIF(AC3:AC44,"17") -> 0 | AD46: =COUNTIF(AE3:AE44,"16")+COUNTIF(AE3:AE44,"16.5")+COUNTIF(AE3:AE44,"17") -> 0 | AF46: =COUNTIF(AG3:AG44,"16")+COUNTIF(AG3:AG44,"16.5")+COUNTIF(AG3:AG44,"17") -> 0 | AH46: =COUNTIF(AI3:AI44,"16")+COUNTIF(AI3:AI44,"16.5")+COUNTIF(AI3:AI44,"17") -> 0 | AJ46: =COUNTIF(AK3:AK44,"16")+COUNTIF(AK3:AK44,"16.5")+COUNTIF(AK3:AK44,"17") -> 0 | AL46: =COUNTIF(AM3:AM44,"16")+COUNTIF(AM3:AM44,"16.5")+COUNTIF(AM3:AM44,"17") -> 0 | AN46: =COUNTIF(AO3:AO44,"16")+COUNTIF(AO3:AO44,"16.5")+COUNTIF(AO3:AO44,"17") -> 0 | AP46: =COUNTIF(AQ3:AQ44,"16")+COUNTIF(AQ3:AQ44,"16.5")+COUNTIF(AQ3:AQ44,"17") -> 0 | AR46: =COUNTIF(AS3:AS44,"16")+COUNTIF(AS3:AS44,"16.5")+COUNTIF(AS3:AS44,"17") -> 0 | AT46: =COUNTIF(AU3:AU44,"16")+COUNTIF(AU3:AU44,"16.5")+COUNTIF(AU3:AU44,"17") -> 0 | AV46: =COUNTIF(AW3:AW44,"16")+COUNTIF(AW3:AW44,"16.5")+COUNTIF(AW3:AW44,"17") -> 0 | AX46: =COUNTIF(AY3:AY44,"16")+COUNTIF(AY3:AY44,"16.5")+COUNTIF(AY3:AY44,"17") -> 0 | AZ46: =COUNTIF(BA3:BA44,"16")+COUNTIF(BA3:BA44,"16.5")+COUNTIF(BA3:BA44,"17") -> 0 | BB46: =COUNTIF(BC3:BC44,"16")+COUNTIF(BC3:BC44,"16.5")+COUNTIF(BC3:BC44,"17") -> 0 | BD46: =COUNTIF(BE3:BE44,"16")+COUNTIF(BE3:BE44,"16.5")+COUNTIF(BE3:BE44,"17") -> 0 | BF46: =COUNTIF(BG3:BG44,"16")+COUNTIF(BG3:BG44,"16.5")+COUNTIF(BG3:BG44,"17") -> 0 | BH46: =COUNTIF(BI3:BI44,"16")+COUNTIF(BI3:BI44,"16.5")+COUNTIF(BI3:BI44,"17") -> 0 | BJ46: =COUNTIF(BK3:BK44,"16")+COUNTIF(BK3:BK44,"16.5")+COUNTIF(BK3:BK44,"17") -> 0 | BL46: =COUNTIF(BM3:BM44,"16")+COUNTIF(BM3:BM44,"16.5")+COUNTIF(BM3:BM44,"17") -> 0
A47: 晚間餐期上班人數 | D47: =COUNTIF(E6:E44,"22")+COUNTIF(E6:E44,"21")+COUNTIF(E6:E44,"21.5")+COUNTIF(E6:E44,"20")+COUNTIF(E6:E44,"22.5")+COUNTIF(E6:E44,"23.5")+COUNTIF(E6:E44,"23")+COUNTIF(E6:E44,"20.5") -> 0 | F47: =COUNTIF(G6:G44,"22")+COUNTIF(G6:G44,"21")+COUNTIF(G6:G44,"21.5")+COUNTIF(G6:G44,"20")+COUNTIF(G6:G44,"22.5")+COUNTIF(G6:G44,"23.5")+COUNTIF(G6:G44,"23")+COUNTIF(G6:G44,"20.5") -> 0 | H47: =COUNTIF(I6:I44,"22")+COUNTIF(I6:I44,"21")+COUNTIF(I6:I44,"21.5")+COUNTIF(I6:I44,"20")+COUNTIF(I6:I44,"22.5")+COUNTIF(I6:I44,"23.5")+COUNTIF(I6:I44,"23")+COUNTIF(I6:I44,"20.5") -> 0 | J47: =COUNTIF(K6:K44,"22")+COUNTIF(K6:K44,"21")+COUNTIF(K6:K44,"21.5")+COUNTIF(K6:K44,"20")+COUNTIF(K6:K44,"22.5")+COUNTIF(K6:K44,"23.5")+COUNTIF(K6:K44,"23")+COUNTIF(K6:K44,"20.5") -> 0 | L47: =COUNTIF(M6:M44,"22")+COUNTIF(M6:M44,"21")+COUNTIF(M6:M44,"21.5")+COUNTIF(M6:M44,"20")+COUNTIF(M6:M44,"22.5")+COUNTIF(M6:M44,"23.5")+COUNTIF(M6:M44,"23")+COUNTIF(M6:M44,"20.5") -> 0 | N47: =COUNTIF(O6:O44,"22")+COUNTIF(O6:O44,"21")+COUNTIF(O6:O44,"21.5")+COUNTIF(O6:O44,"20")+COUNTIF(O6:O44,"22.5")+COUNTIF(O6:O44,"23.5")+COUNTIF(O6:O44,"23")+COUNTIF(O6:O44,"20.5") -> 0 | P47: =COUNTIF(Q6:Q44,"22")+COUNTIF(Q6:Q44,"21")+COUNTIF(Q6:Q44,"21.5")+COUNTIF(Q6:Q44,"20")+COUNTIF(Q6:Q44,"22.5")+COUNTIF(Q6:Q44,"23.5")+COUNTIF(Q6:Q44,"23")+COUNTIF(Q6:Q44,"20.5") -> 0 | R47: =COUNTIF(S6:S44,"22")+COUNTIF(S6:S44,"21")+COUNTIF(S6:S44,"21.5")+COUNTIF(S6:S44,"20")+COUNTIF(S6:S44,"22.5")+COUNTIF(S6:S44,"23.5")+COUNTIF(S6:S44,"23")+COUNTIF(S6:S44,"20.5") -> 0 | T47: =COUNTIF(U6:U44,"22")+COUNTIF(U6:U44,"21")+COUNTIF(U6:U44,"21.5")+COUNTIF(U6:U44,"20")+COUNTIF(U6:U44,"22.5")+COUNTIF(U6:U44,"23.5")+COUNTIF(U6:U44,"23")+COUNTIF(U6:U44,"20.5") -> 0 | V47: =COUNTIF(W6:W44,"22")+COUNTIF(W6:W44,"21")+COUNTIF(W6:W44,"21.5")+COUNTIF(W6:W44,"20")+COUNTIF(W6:W44,"22.5")+COUNTIF(W6:W44,"23.5")+COUNTIF(W6:W44,"23")+COUNTIF(W6:W44,"20.5") -> 0 | X47: =COUNTIF(Y6:Y44,"22")+COUNTIF(Y6:Y44,"21")+COUNTIF(Y6:Y44,"21.5")+COUNTIF(Y6:Y44,"20")+COUNTIF(Y6:Y44,"22.5")+COUNTIF(Y6:Y44,"23.5")+COUNTIF(Y6:Y44,"23")+COUNTIF(Y6:Y44,"20.5") -> 0 | Z47: =COUNTIF(AA6:AA44,"22")+COUNTIF(AA6:AA44,"21")+COUNTIF(AA6:AA44,"21.5")+COUNTIF(AA6:AA44,"20")+COUNTIF(AA6:AA44,"22.5")+COUNTIF(AA6:AA44,"23.5")+COUNTIF(AA6:AA44,"23")+COUNTIF(AA6:AA44,"20.5") -> 0 | AB47: =COUNTIF(AC6:AC44,"22")+COUNTIF(AC6:AC44,"21")+COUNTIF(AC6:AC44,"21.5")+COUNTIF(AC6:AC44,"20")+COUNTIF(AC6:AC44,"22.5")+COUNTIF(AC6:AC44,"23.5")+COUNTIF(AC6:AC44,"23")+COUNTIF(AC6:AC44,"20.5") -> 0 | AD47: =COUNTIF(AE6:AE44,"22")+COUNTIF(AE6:AE44,"21")+COUNTIF(AE6:AE44,"21.5")+COUNTIF(AE6:AE44,"20")+COUNTIF(AE6:AE44,"22.5")+COUNTIF(AE6:AE44,"23.5")+COUNTIF(AE6:AE44,"23")+COUNTIF(AE6:AE44,"20.5") -> 0 | AF47: =COUNTIF(AG6:AG44,"22")+COUNTIF(AG6:AG44,"21")+COUNTIF(AG6:AG44,"21.5")+COUNTIF(AG6:AG44,"20")+COUNTIF(AG6:AG44,"22.5")+COUNTIF(AG6:AG44,"23.5")+COUNTIF(AG6:AG44,"23")+COUNTIF(AG6:AG44,"20.5") -> 0 | AH47: =COUNTIF(AI6:AI44,"22")+COUNTIF(AI6:AI44,"21")+COUNTIF(AI6:AI44,"21.5")+COUNTIF(AI6:AI44,"20")+COUNTIF(AI6:AI44,"22.5")+COUNTIF(AI6:AI44,"23.5")+COUNTIF(AI6:AI44,"23")+COUNTIF(AI6:AI44,"20.5") -> 0 | AJ47: =COUNTIF(AK6:AK44,"22")+COUNTIF(AK6:AK44,"21")+COUNTIF(AK6:AK44,"21.5")+COUNTIF(AK6:AK44,"20")+COUNTIF(AK6:AK44,"22.5")+COUNTIF(AK6:AK44,"23.5")+COUNTIF(AK6:AK44,"23")+COUNTIF(AK6:AK44,"20.5") -> 0 | AL47: =COUNTIF(AM6:AM44,"22")+COUNTIF(AM6:AM44,"21")+COUNTIF(AM6:AM44,"21.5")+COUNTIF(AM6:AM44,"20")+COUNTIF(AM6:AM44,"22.5")+COUNTIF(AM6:AM44,"23.5")+COUNTIF(AM6:AM44,"23")+COUNTIF(AM6:AM44,"20.5") -> 0 | AN47: =COUNTIF(AO6:AO44,"22")+COUNTIF(AO6:AO44,"21")+COUNTIF(AO6:AO44,"21.5")+COUNTIF(AO6:AO44,"20")+COUNTIF(AO6:AO44,"22.5")+COUNTIF(AO6:AO44,"23.5")+COUNTIF(AO6:AO44,"23")+COUNTIF(AO6:AO44,"20.5") -> 0 | AP47: =COUNTIF(AQ6:AQ44,"22")+COUNTIF(AQ6:AQ44,"21")+COUNTIF(AQ6:AQ44,"21.5")+COUNTIF(AQ6:AQ44,"20")+COUNTIF(AQ6:AQ44,"22.5")+COUNTIF(AQ6:AQ44,"23.5")+COUNTIF(AQ6:AQ44,"23")+COUNTIF(AQ6:AQ44,"20.5") -> 0 | AR47: =COUNTIF(AS6:AS44,"22")+COUNTIF(AS6:AS44,"21")+COUNTIF(AS6:AS44,"21.5")+COUNTIF(AS6:AS44,"20")+COUNTIF(AS6:AS44,"22.5")+COUNTIF(AS6:AS44,"23.5")+COUNTIF(AS6:AS44,"23")+COUNTIF(AS6:AS44,"20.5") -> 0 | AT47: =COUNTIF(AU6:AU44,"22")+COUNTIF(AU6:AU44,"21")+COUNTIF(AU6:AU44,"21.5")+COUNTIF(AU6:AU44,"20")+COUNTIF(AU6:AU44,"22.5")+COUNTIF(AU6:AU44,"23.5")+COUNTIF(AU6:AU44,"23")+COUNTIF(AU6:AU44,"20.5") -> 0 | AV47: =COUNTIF(AW6:AW44,"22")+COUNTIF(AW6:AW44,"21")+COUNTIF(AW6:AW44,"21.5")+COUNTIF(AW6:AW44,"20")+COUNTIF(AW6:AW44,"22.5")+COUNTIF(AW6:AW44,"23.5")+COUNTIF(AW6:AW44,"23")+COUNTIF(AW6:AW44,"20.5") -> 0 | AX47: =COUNTIF(AY6:AY44,"22")+COUNTIF(AY6:AY44,"21")+COUNTIF(AY6:AY44,"21.5")+COUNTIF(AY6:AY44,"20")+COUNTIF(AY6:AY44,"22.5")+COUNTIF(AY6:AY44,"23.5")+COUNTIF(AY6:AY44,"23")+COUNTIF(AY6:AY44,"20.5") -> 0 | AZ47: =COUNTIF(BA6:BA44,"22")+COUNTIF(BA6:BA44,"21")+COUNTIF(BA6:BA44,"21.5")+COUNTIF(BA6:BA44,"20")+COUNTIF(BA6:BA44,"22.5")+COUNTIF(BA6:BA44,"23.5")+COUNTIF(BA6:BA44,"23")+COUNTIF(BA6:BA44,"20.5") -> 0 | BB47: =COUNTIF(BC6:BC44,"22")+COUNTIF(BC6:BC44,"21")+COUNTIF(BC6:BC44,"21.5")+COUNTIF(BC6:BC44,"20")+COUNTIF(BC6:BC44,"22.5")+COUNTIF(BC6:BC44,"23.5")+COUNTIF(BC6:BC44,"23")+COUNTIF(BC6:BC44,"20.5") -> 0 | BD47: =COUNTIF(BE6:BE44,"22")+COUNTIF(BE6:BE44,"21")+COUNTIF(BE6:BE44,"21.5")+COUNTIF(BE6:BE44,"20")+COUNTIF(BE6:BE44,"22.5")+COUNTIF(BE6:BE44,"23.5")+COUNTIF(BE6:BE44,"23")+COUNTIF(BE6:BE44,"20.5") -> 0 | BF47: =COUNTIF(BG6:BG44,"22")+COUNTIF(BG6:BG44,"21")+COUNTIF(BG6:BG44,"21.5")+COUNTIF(BG6:BG44,"20")+COUNTIF(BG6:BG44,"22.5")+COUNTIF(BG6:BG44,"23.5")+COUNTIF(BG6:BG44,"23")+COUNTIF(BG6:BG44,"20.5") -> 0 | BH47: =COUNTIF(BI6:BI44,"22")+COUNTIF(BI6:BI44,"21")+COUNTIF(BI6:BI44,"21.5")+COUNTIF(BI6:BI44,"20")+COUNTIF(BI6:BI44,"22.5")+COUNTIF(BI6:BI44,"23.5")+COUNTIF(BI6:BI44,"23")+COUNTIF(BI6:BI44,"20.5") -> 0 | BJ47: =COUNTIF(BK6:BK44,"22")+COUNTIF(BK6:BK44,"21")+COUNTIF(BK6:BK44,"21.5")+COUNTIF(BK6:BK44,"20")+COUNTIF(BK6:BK44,"22.5")+COUNTIF(BK6:BK44,"23.5")+COUNTIF(BK6:BK44,"23")+COUNTIF(BK6:BK44,"20.5") -> 0 | BL47: =COUNTIF(BM6:BM44,"22")+COUNTIF(BM6:BM44,"21")+COUNTIF(BM6:BM44,"21.5")+COUNTIF(BM6:BM44,"20")+COUNTIF(BM6:BM44,"22.5")+COUNTIF(BM6:BM44,"23.5")+COUNTIF(BM6:BM44,"23")+COUNTIF(BM6:BM44,"20.5") -> 0
A48: 當日時數 | D48: =D44+D38+D29+D26+D23+D20+D17+D14+D11+D8+D32+D35 -> 8 | F48: 0 | H48: 0 | J48: 0 | L48: 0 | N48: 0 | P48: 0 | R48: 0 | T48: 0 | V48: 0 | X48: 0 | Z48: 0 | AB48: 0 | AD48: 0 | AF48: 0 | AH48: 0 | AJ48: 0 | AL48: 0 | AN48: 0 | AP48: 0 | AR48: 0 | AT48: 0 | AV48: 0 | AX48: 0 | AZ48: 0 | BB48: 0 | BD48: 0 | BF48: 0 | BH48: 0 | BJ48: 0 | BL48: 0 | BN48: 0

Sheet 外場轉化
A1: 本列維持與前頁格式一致，請勿刪除
A4: =整月外場班表!A4 -> 白霧時光 板橋傑仕堡 | D4: =整月外場班表!D4 -> 46204 | F4: =D4+1 -> 46205 | H4: =F4+1 -> 46206 | J4: =H4+1 -> 46207 | L4: =J4+1 -> 46208 | N4: =L4+1 -> 46209 | P4: =N4+1 -> 46210 | R4: =P4+1 -> 46211 | T4: =R4+1 -> 46212 | V4: =T4+1 -> 46213 | X4: =V4+1 -> 46214 | Z4: =X4+1 -> 46215 | AB4: =Z4+1 -> 46216 | AD4: =AB4+1 -> 46217 | AF4: =AD4+1 -> 46218 | AH4: =AF4+1 -> 46219 | AJ4: =AH4+1 -> 46220 | AL4: =AJ4+1 -> 46221 | AN4: =AL4+1 -> 46222 | AP4: =AN4+1 -> 46223 | AR4: =AP4+1 -> 46224 | AT4: =AR4+1 -> 46225 | AV4: =AT4+1 -> 46226 | AX4: =AV4+1 -> 46227 | AZ4: =AX4+1 -> 46228 | BB4: =AZ4+1 -> 46229 | BD4: =BB4+1 -> 46230 | BF4: =BD4+1 -> 46231 | BH4: =BF4+1 -> 46232 | BJ4: =BH4+1 -> 46233
D5: 週六 | F5: 週日 | H5: 週一 | J5: 週二 | L5: 週三 | N5: 週四 | P5: 週五 | R5: 週六 | T5: 週日 | V5: 週一 | X5: 週二 | Z5: 週三 | AB5: 週四 | AD5: 週五 | AF5: 週六 | AH5: 週日 | AJ5: 週一 | AL5: 週二 | AN5: 週三 | AP5: 週四 | AR5: 週五 | AT5: 週六 | AV5: 週日 | AX5: 週一 | AZ5: 週二 | BB5: 週三 | BD5: 週四 | BF5: 週五 | BH5: 週六 | BJ5: 週日
B6: =整月外場班表!B6 -> 張意昕 | D6: =IF(MOD(整月外場班表!D6,1)=0,CONCATENATE(整月外場班表!D6,"00"),CONCATENATE(INT(整月外場班表!D6),"30")) -> 00 | E6: =IF(MOD(整月外場班表!E6,1)=0,CONCATENATE(整月外場班表!E6,"00"),CONCATENATE(INT(整月外場班表!E6),"30")) -> 00 | F6: =IF(MOD(整月外場班表!F6,1)=0,CONCATENATE(整月外場班表!F6,"00"),CONCATENATE(INT(整月外場班表!F6),"30")) -> 00 | G6: =IF(MOD(整月外場班表!G6,1)=0,CONCATENATE(整月外場班表!G6,"00"),CONCATENATE(INT(整月外場班表!G6),"30")) -> 00 | H6: =IF(MOD(整月外場班表!H6,1)=0,CONCATENATE(整月外場班表!H6,"00"),CONCATENATE(INT(整月外場班表!H6),"30")) -> 00 | I6: =IF(MOD(整月外場班表!I6,1)=0,CONCATENATE(整月外場班表!I6,"00"),CONCATENATE(INT(整月外場班表!I6),"30")) -> 00 | J6: =IF(MOD(整月外場班表!J6,1)=0,CONCATENATE(整月外場班表!J6,"00"),CONCATENATE(INT(整月外場班表!J6),"30")) -> 00 | K6: =IF(MOD(整月外場班表!K6,1)=0,CONCATENATE(整月外場班表!K6,"00"),CONCATENATE(INT(整月外場班表!K6),"30")) -> 00 | ... BM6: =IF(MOD(整月外場班表!BM6,1)=0,CONCATENATE(整月外場班表!BM6,"00"),CONCATENATE(INT(整月外場班表!BM6),"30")) -> 00
D7: =IF(MOD(整月外場班表!D7,1)=0,CONCATENATE(整月外場班表!D7,"00"),CONCATENATE(INT(整月外場班表!D7),"30")) -> 00 | E7: =IF(MOD(整月外場班表!E7,1)=0,CONCATENATE(整月外場班表!E7,"00"),CONCATENATE(INT(整月外場班表!E7),"30")) -> 00 | F7: =IF(MOD(整月外場班表!F7,1)=0,CONCATENATE(整月外場班表!F7,"00"),CONCATENATE(INT(整月外場班表!F7),"30")) -> 00 | G7: =IF(MOD(整月外場班表!G7,1)=0,CONCATENATE(整月外場班表!G7,"00"),CONCATENATE(INT(整月外場班表!G7),"30")) -> 00 | H7: =IF(MOD(整月外場班表!H7,1)=0,CONCATENATE(整月外場班表!H7,"00"),CONCATENATE(INT(整月外場班表!H7),"30")) -> 00 | I7: =IF(MOD(整月外場班表!I7,1)=0,CONCATENATE(整月外場班表!I7,"00"),CONCATENATE(INT(整月外場班表!I7),"30")) -> 00 | J7: =IF(MOD(整月外場班表!J7,1)=0,CONCATENATE(整月外場班表!J7,"00"),CONCATENATE(INT(整月外場班表!J7),"30")) -> 00 | K7: =IF(MOD(整月外場班表!K7,1)=0,CONCATENATE(整月外場班表!K7,"00"),CONCATENATE(INT(整月外場班表!K7),"30")) -> 00 | ... BM7: =IF(MOD(整月外場班表!BM7,1)=0,CONCATENATE(整月外場班表!BM7,"00"),CONCATENATE(INT(整月外場班表!BM7),"30")) -> 00
D8: {=_xlfn.IFS(AND(D6="00",D7="00"),";H",AND(D6<>"00",D7<>"00"),CONCATENATE(D6,"-",E7,"(",E6,"-",D7,")"),AND(D6="00",D7<>"00"),CONCATENATE(D7,"-",E7),AND(D6<>"00",D7="00"),CONCATENATE(D6,"-",E6))} -> ;H | F8: {=_xlfn.IFS(AND(F6="00",F7="00"),";H",AND(F6<>"00",F7<>"00"),CONCATENATE(F6,"-",G7,"(",G6,"-",F7,")"),AND(F6="00",F7<>"00"),CONCATENATE(F7,"-",G7),AND(F6<>"00",F7="00"),CONCATENATE(F6,"-",G6))} -> ;H | H8: {=_xlfn.IFS(AND(H6="00",H7="00"),";H",AND(H6<>"00",H7<>"00"),CONCATENATE(H6,"-",I7,"(",I6,"-",H7,")"),AND(H6="00",H7<>"00"),CONCATENATE(H7,"-",I7),AND(H6<>"00",H7="00"),CONCATENATE(H6,"-",I6))} -> ;H | J8: {=_xlfn.IFS(AND(J6="00",J7="00"),";H",AND(J6<>"00",J7<>"00"),CONCATENATE(J6,"-",K7,"(",K6,"-",J7,")"),AND(J6="00",J7<>"00"),CONCATENATE(J7,"-",K7),AND(J6<>"00",J7="00"),CONCATENATE(J6,"-",K6))} -> ;H | L8: {=_xlfn.IFS(AND(L6="00",L7="00"),";H",AND(L6<>"00",L7<>"00"),CONCATENATE(L6,"-",M7,"(",M6,"-",L7,")"),AND(L6="00",L7<>"00"),CONCATENATE(L7,"-",M7),AND(L6<>"00",L7="00"),CONCATENATE(L6,"-",M6))} -> ;H | N8: {=_xlfn.IFS(AND(N6="00",N7="00"),";H",AND(N6<>"00",N7<>"00"),CONCATENATE(N6,"-",O7,"(",O6,"-",N7,")"),AND(N6="00",N7<>"00"),CONCATENATE(N7,"-",O7),AND(N6<>"00",N7="00"),CONCATENATE(N6,"-",O6))} -> ;H | P8: {=_xlfn.IFS(AND(P6="00",P7="00"),";H",AND(P6<>"00",P7<>"00"),CONCATENATE(P6,"-",Q7,"(",Q6,"-",P7,")"),AND(P6="00",P7<>"00"),CONCATENATE(P7,"-",Q7),AND(P6<>"00",P7="00"),CONCATENATE(P6,"-",Q6))} -> ;H | R8: {=_xlfn.IFS(AND(R6="00",R7="00"),";H",AND(R6<>"00",R7<>"00"),CONCATENATE(R6,"-",S7,"(",S6,"-",R7,")"),AND(R6="00",R7<>"00"),CONCATENATE(R7,"-",S7),AND(R6<>"00",R7="00"),CONCATENATE(R6,"-",S6))} -> ;H | T8: {=_xlfn.IFS(AND(T6="00",T7="00"),";H",AND(T6<>"00",T7<>"00"),CONCATENATE(T6,"-",U7,"(",U6,"-",T7,")"),AND(T6="00",T7<>"00"),CONCATENATE(T7,"-",U7),AND(T6<>"00",T7="00"),CONCATENATE(T6,"-",U6))} -> ;H | V8: {=_xlfn.IFS(AND(V6="00",V7="00"),";H",AND(V6<>"00",V7<>"00"),CONCATENATE(V6,"-",W7,"(",W6,"-",V7,")"),AND(V6="00",V7<>"00"),CONCATENATE(V7,"-",W7),AND(V6<>"00",V7="00"),CONCATENATE(V6,"-",W6))} -> ;H | X8: {=_xlfn.IFS(AND(X6="00",X7="00"),";H",AND(X6<>"00",X7<>"00"),CONCATENATE(X6,"-",Y7,"(",Y6,"-",X7,")"),AND(X6="00",X7<>"00"),CONCATENATE(X7,"-",Y7),AND(X6<>"00",X7="00"),CONCATENATE(X6,"-",Y6))} -> ;H | Z8: {=_xlfn.IFS(AND(Z6="00",Z7="00"),";H",AND(Z6<>"00",Z7<>"00"),CONCATENATE(Z6,"-",AA7,"(",AA6,"-",Z7,")"),AND(Z6="00",Z7<>"00"),CONCATENATE(Z7,"-",AA7),AND(Z6<>"00",Z7="00"),CONCATENATE(Z6,"-",AA6))} -> ;H | AB8: {=_xlfn.IFS(AND(AB6="00",AB7="00"),";H",AND(AB6<>"00",AB7<>"00"),CONCATENATE(AB6,"-",AC7,"(",AC6,"-",AB7,")"),AND(AB6="00",AB7<>"00"),CONCATENATE(AB7,"-",AC7),AND(AB6<>"00",AB7="00"),CONCATENATE(AB6,"-",AC6))} -> ;H | AD8: {=_xlfn.IFS(AND(AD6="00",AD7="00"),";H",AND(AD6<>"00",AD7<>"00"),CONCATENATE(AD6,"-",AE7,"(",AE6,"-",AD7,")"),AND(AD6="00",AD7<>"00"),CONCATENATE(AD7,"-",AE7),AND(AD6<>"00",AD7="00"),CONCATENATE(AD6,"-",AE6))} -> ;H | AF8: {=_xlfn.IFS(AND(AF6="00",AF7="00"),";H",AND(AF6<>"00",AF7<>"00"),CONCATENATE(AF6,"-",AG7,"(",AG6,"-",AF7,")"),AND(AF6="00",AF7<>"00"),CONCATENATE(AF7,"-",AG7),AND(AF6<>"00",AF7="00"),CONCATENATE(AF6,"-",AG6))} -> ;H | AH8: {=_xlfn.IFS(AND(AH6="00",AH7="00"),";H",AND(AH6<>"00",AH7<>"00"),CONCATENATE(AH6,"-",AI7,"(",AI6,"-",AH7,")"),AND(AH6="00",AH7<>"00"),CONCATENATE(AH7,"-",AI7),AND(AH6<>"00",AH7="00"),CONCATENATE(AH6,"-",AI6))} -> ;H | AJ8: {=_xlfn.IFS(AND(AJ6="00",AJ7="00"),";H",AND(AJ6<>"00",AJ7<>"00"),CONCATENATE(AJ6,"-",AK7,"(",AK6,"-",AJ7,")"),AND(AJ6="00",AJ7<>"00"),CONCATENATE(AJ7,"-",AK7),AND(AJ6<>"00",AJ7="00"),CONCATENATE(AJ6,"-",AK6))} -> ;H | AL8: {=_xlfn.IFS(AND(AL6="00",AL7="00"),";H",AND(AL6<>"00",AL7<>"00"),CONCATENATE(AL6,"-",AM7,"(",AM6,"-",AL7,")"),AND(AL6="00",AL7<>"00"),CONCATENATE(AL7,"-",AM7),AND(AL6<>"00",AL7="00"),CONCATENATE(AL6,"-",AM6))} -> ;H | AN8: {=_xlfn.IFS(AND(AN6="00",AN7="00"),";H",AND(AN6<>"00",AN7<>"00"),CONCATENATE(AN6,"-",AO7,"(",AO6,"-",AN7,")"),AND(AN6="00",AN7<>"00"),CONCATENATE(AN7,"-",AO7),AND(AN6<>"00",AN7="00"),CONCATENATE(AN6,"-",AO6))} -> ;H | AP8: {=_xlfn.IFS(AND(AP6="00",AP7="00"),";H",AND(AP6<>"00",AP7<>"00"),CONCATENATE(AP6,"-",AQ7,"(",AQ6,"-",AP7,")"),AND(AP6="00",AP7<>"00"),CONCATENATE(AP7,"-",AQ7),AND(AP6<>"00",AP7="00"),CONCATENATE(AP6,"-",AQ6))} -> ;H | AR8: {=_xlfn.IFS(AND(AR6="00",AR7="00"),";H",AND(AR6<>"00",AR7<>"00"),CONCATENATE(AR6,"-",AS7,"(",AS6,"-",AR7,")"),AND(AR6="00",AR7<>"00"),CONCATENATE(AR7,"-",AS7),AND(AR6<>"00",AR7="00"),CONCATENATE(AR6,"-",AS6))} -> ;H | AT8: {=_xlfn.IFS(AND(AT6="00",AT7="00"),";H",AND(AT6<>"00",AT7<>"00"),CONCATENATE(AT6,"-",AU7,"(",AU6,"-",AT7,")"),AND(AT6="00",AT7<>"00"),CONCATENATE(AT7,"-",AU7),AND(AT6<>"00",AT7="00"),CONCATENATE(AT6,"-",AU6))} -> ;H | AV8: {=_xlfn.IFS(AND(AV6="00",AV7="00"),";H",AND(AV6<>"00",AV7<>"00"),CONCATENATE(AV6,"-",AW7,"(",AW6,"-",AV7,")"),AND(AV6="00",AV7<>"00"),CONCATENATE(AV7,"-",AW7),AND(AV6<>"00",AV7="00"),CONCATENATE(AV6,"-",AW6))} -> ;H | AX8: {=_xlfn.IFS(AND(AX6="00",AX7="00"),";H",AND(AX6<>"00",AX7<>"00"),CONCATENATE(AX6,"-",AY7,"(",AY6,"-",AX7,")"),AND(AX6="00",AX7<>"00"),CONCATENATE(AX7,"-",AY7),AND(AX6<>"00",AX7="00"),CONCATENATE(AX6,"-",AY6))} -> ;H | AZ8: {=_xlfn.IFS(AND(AZ6="00",AZ7="00"),";H",AND(AZ6<>"00",AZ7<>"00"),CONCATENATE(AZ6,"-",BA7,"(",BA6,"-",AZ7,")"),AND(AZ6="00",AZ7<>"00"),CONCATENATE(AZ7,"-",BA7),AND(AZ6<>"00",AZ7="00"),CONCATENATE(AZ6,"-",BA6))} -> ;H | BB8: {=_xlfn.IFS(AND(BB6="00",BB7="00"),";H",AND(BB6<>"00",BB7<>"00"),CONCATENATE(BB6,"-",BC7,"(",BC6,"-",BB7,")"),AND(BB6="00",BB7<>"00"),CONCATENATE(BB7,"-",BC7),AND(BB6<>"00",BB7="00"),CONCATENATE(BB6,"-",BC6))} -> ;H | BD8: {=_xlfn.IFS(AND(BD6="00",BD7="00"),";H",AND(BD6<>"00",BD7<>"00"),CONCATENATE(BD6,"-",BE7,"(",BE6,"-",BD7,")"),AND(BD6="00",BD7<>"00"),CONCATENATE(BD7,"-",BE7),AND(BD6<>"00",BD7="00"),CONCATENATE(BD6,"-",BE6))} -> ;H | BF8: {=_xlfn.IFS(AND(BF6="00",BF7="00"),";H",AND(BF6<>"00",BF7<>"00"),CONCATENATE(BF6,"-",BG7,"(",BG6,"-",BF7,")"),AND(BF6="00",BF7<>"00"),CONCATENATE(BF7,"-",BG7),AND(BF6<>"00",BF7="00"),CONCATENATE(BF6,"-",BG6))} -> ;H | BH8: {=_xlfn.IFS(AND(BH6="00",BH7="00"),";H",AND(BH6<>"00",BH7<>"00"),CONCATENATE(BH6,"-",BI7,"(",BI6,"-",BH7,")"),AND(BH6="00",BH7<>"00"),CONCATENATE(BH7,"-",BI7),AND(BH6<>"00",BH7="00"),CONCATENATE(BH6,"-",BI6))} -> ;H | BJ8: {=_xlfn.IFS(AND(BJ6="00",BJ7="00"),";H",AND(BJ6<>"00",BJ7<>"00"),CONCATENATE(BJ6,"-",BK7,"(",BK6,"-",BJ7,")"),AND(BJ6="00",BJ7<>"00"),CONCATENATE(BJ7,"-",BK7),AND(BJ6<>"00",BJ7="00"),CONCATENATE(BJ6,"-",BK6))} -> ;H | BL8: {=_xlfn.IFS(AND(BL6="00",BL7="00"),";H",AND(BL6<>"00",BL7<>"00"),CONCATENATE(BL6,"-",BM7,"(",BM6,"-",BL7,")"),AND(BL6="00",BL7<>"00"),CONCATENATE(BL7,"-",BM7),AND(BL6<>"00",BL7="00"),CONCATENATE(BL6,"-",BM6))} -> ;H
B9: =整月外場班表!B9 -> 楊衡欣 | D9: =IF(MOD(整月外場班表!D9,1)=0,CONCATENATE(整月外場班表!D9,"00"),CONCATENATE(INT(整月外場班表!D9),"30")) -> 00 | E9: =IF(MOD(整月外場班表!E9,1)=0,CONCATENATE(整月外場班表!E9,"00"),CONCATENATE(INT(整月外場班表!E9),"30")) -> 00 | F9: =IF(MOD(整月外場班表!F9,1)=0,CONCATENATE(整月外場班表!F9,"00"),CONCATENATE(INT(整月外場班表!F9),"30")) -> 00 | G9: =IF(MOD(整月外場班表!G9,1)=0,CONCATENATE(整月外場班表!G9,"00"),CONCATENATE(INT(整月外場班表!G9),"30")) -> 00 | H9: =IF(MOD(整月外場班表!H9,1)=0,CONCATENATE(整月外場班表!H9,"00"),CONCATENATE(INT(整月外場班表!H9),"30")) -> 00 | I9: =IF(MOD(整月外場班表!I9,1)=0,CONCATENATE(整月外場班表!I9,"00"),CONCATENATE(INT(整月外場班表!I9),"30")) -> 00 | J9: =IF(MOD(整月外場班表!J9,1)=0,CONCATENATE(整月外場班表!J9,"00"),CONCATENATE(INT(整月外場班表!J9),"30")) -> 00 | K9: =IF(MOD(整月外場班表!K9,1)=0,CONCATENATE(整月外場班表!K9,"00"),CONCATENATE(INT(整月外場班表!K9),"30")) -> 00 | ... BM9: =IF(MOD(整月外場班表!BM9,1)=0,CONCATENATE(整月外場班表!BM9,"00"),CONCATENATE(INT(整月外場班表!BM9),"30")) -> 00
D10: =IF(MOD(整月外場班表!D10,1)=0,CONCATENATE(整月外場班表!D10,"00"),CONCATENATE(INT(整月外場班表!D10),"30")) -> 00 | E10: =IF(MOD(整月外場班表!E10,1)=0,CONCATENATE(整月外場班表!E10,"00"),CONCATENATE(INT(整月外場班表!E10),"30")) -> 00 | F10: =IF(MOD(整月外場班表!F10,1)=0,CONCATENATE(整月外場班表!F10,"00"),CONCATENATE(INT(整月外場班表!F10),"30")) -> 00 | G10: =IF(MOD(整月外場班表!G10,1)=0,CONCATENATE(整月外場班表!G10,"00"),CONCATENATE(INT(整月外場班表!G10),"30")) -> 00 | H10: =IF(MOD(整月外場班表!H10,1)=0,CONCATENATE(整月外場班表!H10,"00"),CONCATENATE(INT(整月外場班表!H10),"30")) -> 00 | I10: =IF(MOD(整月外場班表!I10,1)=0,CONCATENATE(整月外場班表!I10,"00"),CONCATENATE(INT(整月外場班表!I10),"30")) -> 00 | J10: =IF(MOD(整月外場班表!J10,1)=0,CONCATENATE(整月外場班表!J10,"00"),CONCATENATE(INT(整月外場班表!J10),"30")) -> 00 | K10: =IF(MOD(整月外場班表!K10,1)=0,CONCATENATE(整月外場班表!K10,"00"),CONCATENATE(INT(整月外場班表!K10),"30")) -> 00 | ... BM10: =IF(MOD(整月外場班表!BM10,1)=0,CONCATENATE(整月外場班表!BM10,"00"),CONCATENATE(INT(整月外場班表!BM10),"30")) -> 00
D11: {=_xlfn.IFS(AND(D9="00",D10="00"),";H",AND(D9<>"00",D10<>"00"),CONCATENATE(D9,"-",E10,"(",E9,"-",D10,")"),AND(D9="00",D10<>"00"),CONCATENATE(D10,"-",E10),AND(D9<>"00",D10="00"),CONCATENATE(D9,"-",E9))} -> ;H | F11: {=_xlfn.IFS(AND(F9="00",F10="00"),";H",AND(F9<>"00",F10<>"00"),CONCATENATE(F9,"-",G10,"(",G9,"-",F10,")"),AND(F9="00",F10<>"00"),CONCATENATE(F10,"-",G10),AND(F9<>"00",F10="00"),CONCATENATE(F9,"-",G9))} -> ;H | H11: {=_xlfn.IFS(AND(H9="00",H10="00"),";H",AND(H9<>"00",H10<>"00"),CONCATENATE(H9,"-",I10,"(",I9,"-",H10,")"),AND(H9="00",H10<>"00"),CONCATENATE(H10,"-",I10),AND(H9<>"00",H10="00"),CONCATENATE(H9,"-",I9))} -> ;H | J11: {=_xlfn.IFS(AND(J9="00",J10="00"),";H",AND(J9<>"00",J10<>"00"),CONCATENATE(J9,"-",K10,"(",K9,"-",J10,")"),AND(J9="00",J10<>"00"),CONCATENATE(J10,"-",K10),AND(J9<>"00",J10="00"),CONCATENATE(J9,"-",K9))} -> ;H | L11: {=_xlfn.IFS(AND(L9="00",L10="00"),";H",AND(L9<>"00",L10<>"00"),CONCATENATE(L9,"-",M10,"(",M9,"-",L10,")"),AND(L9="00",L10<>"00"),CONCATENATE(L10,"-",M10),AND(L9<>"00",L10="00"),CONCATENATE(L9,"-",M9))} -> ;H | N11: {=_xlfn.IFS(AND(N9="00",N10="00"),";H",AND(N9<>"00",N10<>"00"),CONCATENATE(N9,"-",O10,"(",O9,"-",N10,")"),AND(N9="00",N10<>"00"),CONCATENATE(N10,"-",O10),AND(N9<>"00",N10="00"),CONCATENATE(N9,"-",O9))} -> ;H | P11: {=_xlfn.IFS(AND(P9="00",P10="00"),";H",AND(P9<>"00",P10<>"00"),CONCATENATE(P9,"-",Q10,"(",Q9,"-",P10,")"),AND(P9="00",P10<>"00"),CONCATENATE(P10,"-",Q10),AND(P9<>"00",P10="00"),CONCATENATE(P9,"-",Q9))} -> ;H | R11: {=_xlfn.IFS(AND(R9="00",R10="00"),";H",AND(R9<>"00",R10<>"00"),CONCATENATE(R9,"-",S10,"(",S9,"-",R10,")"),AND(R9="00",R10<>"00"),CONCATENATE(R10,"-",S10),AND(R9<>"00",R10="00"),CONCATENATE(R9,"-",S9))} -> ;H | T11: {=_xlfn.IFS(AND(T9="00",T10="00"),";H",AND(T9<>"00",T10<>"00"),CONCATENATE(T9,"-",U10,"(",U9,"-",T10,")"),AND(T9="00",T10<>"00"),CONCATENATE(T10,"-",U10),AND(T9<>"00",T10="00"),CONCATENATE(T9,"-",U9))} -> ;H | V11: {=_xlfn.IFS(AND(V9="00",V10="00"),";H",AND(V9<>"00",V10<>"00"),CONCATENATE(V9,"-",W10,"(",W9,"-",V10,")"),AND(V9="00",V10<>"00"),CONCATENATE(V10,"-",W10),AND(V9<>"00",V10="00"),CONCATENATE(V9,"-",W9))} -> ;H | X11: {=_xlfn.IFS(AND(X9="00",X10="00"),";H",AND(X9<>"00",X10<>"00"),CONCATENATE(X9,"-",Y10,"(",Y9,"-",X10,")"),AND(X9="00",X10<>"00"),CONCATENATE(X10,"-",Y10),AND(X9<>"00",X10="00"),CONCATENATE(X9,"-",Y9))} -> ;H | Z11: {=_xlfn.IFS(AND(Z9="00",Z10="00"),";H",AND(Z9<>"00",Z10<>"00"),CONCATENATE(Z9,"-",AA10,"(",AA9,"-",Z10,")"),AND(Z9="00",Z10<>"00"),CONCATENATE(Z10,"-",AA10),AND(Z9<>"00",Z10="00"),CONCATENATE(Z9,"-",AA9))} -> ;H | AB11: {=_xlfn.IFS(AND(AB9="00",AB10="00"),";H",AND(AB9<>"00",AB10<>"00"),CONCATENATE(AB9,"-",AC10,"(",AC9,"-",AB10,")"),AND(AB9="00",AB10<>"00"),CONCATENATE(AB10,"-",AC10),AND(AB9<>"00",AB10="00"),CONCATENATE(AB9,"-",AC9))} -> ;H | AD11: {=_xlfn.IFS(AND(AD9="00",AD10="00"),";H",AND(AD9<>"00",AD10<>"00"),CONCATENATE(AD9,"-",AE10,"(",AE9,"-",AD10,")"),AND(AD9="00",AD10<>"00"),CONCATENATE(AD10,"-",AE10),AND(AD9<>"00",AD10="00"),CONCATENATE(AD9,"-",AE9))} -> ;H | AF11: {=_xlfn.IFS(AND(AF9="00",AF10="00"),";H",AND(AF9<>"00",AF10<>"00"),CONCATENATE(AF9,"-",AG10,"(",AG9,"-",AF10,")"),AND(AF9="00",AF10<>"00"),CONCATENATE(AF10,"-",AG10),AND(AF9<>"00",AF10="00"),CONCATENATE(AF9,"-",AG9))} -> ;H | AH11: {=_xlfn.IFS(AND(AH9="00",AH10="00"),";H",AND(AH9<>"00",AH10<>"00"),CONCATENATE(AH9,"-",AI10,"(",AI9,"-",AH10,")"),AND(AH9="00",AH10<>"00"),CONCATENATE(AH10,"-",AI10),AND(AH9<>"00",AH10="00"),CONCATENATE(AH9,"-",AI9))} -> ;H | AJ11: {=_xlfn.IFS(AND(AJ9="00",AJ10="00"),";H",AND(AJ9<>"00",AJ10<>"00"),CONCATENATE(AJ9,"-",AK10,"(",AK9,"-",AJ10,")"),AND(AJ9="00",AJ10<>"00"),CONCATENATE(AJ10,"-",AK10),AND(AJ9<>"00",AJ10="00"),CONCATENATE(AJ9,"-",AK9))} -> ;H | AL11: {=_xlfn.IFS(AND(AL9="00",AL10="00"),";H",AND(AL9<>"00",AL10<>"00"),CONCATENATE(AL9,"-",AM10,"(",AM9,"-",AL10,")"),AND(AL9="00",AL10<>"00"),CONCATENATE(AL10,"-",AM10),AND(AL9<>"00",AL10="00"),CONCATENATE(AL9,"-",AM9))} -> ;H | AN11: {=_xlfn.IFS(AND(AN9="00",AN10="00"),";H",AND(AN9<>"00",AN10<>"00"),CONCATENATE(AN9,"-",AO10,"(",AO9,"-",AN10,")"),AND(AN9="00",AN10<>"00"),CONCATENATE(AN10,"-",AO10),AND(AN9<>"00",AN10="00"),CONCATENATE(AN9,"-",AO9))} -> ;H | AP11: {=_xlfn.IFS(AND(AP9="00",AP10="00"),";H",AND(AP9<>"00",AP10<>"00"),CONCATENATE(AP9,"-",AQ10,"(",AQ9,"-",AP10,")"),AND(AP9="00",AP10<>"00"),CONCATENATE(AP10,"-",AQ10),AND(AP9<>"00",AP10="00"),CONCATENATE(AP9,"-",AQ9))} -> ;H | AR11: {=_xlfn.IFS(AND(AR9="00",AR10="00"),";H",AND(AR9<>"00",AR10<>"00"),CONCATENATE(AR9,"-",AS10,"(",AS9,"-",AR10,")"),AND(AR9="00",AR10<>"00"),CONCATENATE(AR10,"-",AS10),AND(AR9<>"00",AR10="00"),CONCATENATE(AR9,"-",AS9))} -> ;H | AT11: {=_xlfn.IFS(AND(AT9="00",AT10="00"),";H",AND(AT9<>"00",AT10<>"00"),CONCATENATE(AT9,"-",AU10,"(",AU9,"-",AT10,")"),AND(AT9="00",AT10<>"00"),CONCATENATE(AT10,"-",AU10),AND(AT9<>"00",AT10="00"),CONCATENATE(AT9,"-",AU9))} -> ;H | AV11: {=_xlfn.IFS(AND(AV9="00",AV10="00"),";H",AND(AV9<>"00",AV10<>"00"),CONCATENATE(AV9,"-",AW10,"(",AW9,"-",AV10,")"),AND(AV9="00",AV10<>"00"),CONCATENATE(AV10,"-",AW10),AND(AV9<>"00",AV10="00"),CONCATENATE(AV9,"-",AW9))} -> ;H | AX11: {=_xlfn.IFS(AND(AX9="00",AX10="00"),";H",AND(AX9<>"00",AX10<>"00"),CONCATENATE(AX9,"-",AY10,"(",AY9,"-",AX10,")"),AND(AX9="00",AX10<>"00"),CONCATENATE(AX10,"-",AY10),AND(AX9<>"00",AX10="00"),CONCATENATE(AX9,"-",AY9))} -> ;H | AZ11: {=_xlfn.IFS(AND(AZ9="00",AZ10="00"),";H",AND(AZ9<>"00",AZ10<>"00"),CONCATENATE(AZ9,"-",BA10,"(",BA9,"-",AZ10,")"),AND(AZ9="00",AZ10<>"00"),CONCATENATE(AZ10,"-",BA10),AND(AZ9<>"00",AZ10="00"),CONCATENATE(AZ9,"-",BA9))} -> ;H | BB11: {=_xlfn.IFS(AND(BB9="00",BB10="00"),";H",AND(BB9<>"00",BB10<>"00"),CONCATENATE(BB9,"-",BC10,"(",BC9,"-",BB10,")"),AND(BB9="00",BB10<>"00"),CONCATENATE(BB10,"-",BC10),AND(BB9<>"00",BB10="00"),CONCATENATE(BB9,"-",BC9))} -> ;H | BD11: {=_xlfn.IFS(AND(BD9="00",BD10="00"),";H",AND(BD9<>"00",BD10<>"00"),CONCATENATE(BD9,"-",BE10,"(",BE9,"-",BD10,")"),AND(BD9="00",BD10<>"00"),CONCATENATE(BD10,"-",BE10),AND(BD9<>"00",BD10="00"),CONCATENATE(BD9,"-",BE9))} -> ;H | BF11: {=_xlfn.IFS(AND(BF9="00",BF10="00"),";H",AND(BF9<>"00",BF10<>"00"),CONCATENATE(BF9,"-",BG10,"(",BG9,"-",BF10,")"),AND(BF9="00",BF10<>"00"),CONCATENATE(BF10,"-",BG10),AND(BF9<>"00",BF10="00"),CONCATENATE(BF9,"-",BG9))} -> ;H | BH11: {=_xlfn.IFS(AND(BH9="00",BH10="00"),";H",AND(BH9<>"00",BH10<>"00"),CONCATENATE(BH9,"-",BI10,"(",BI9,"-",BH10,")"),AND(BH9="00",BH10<>"00"),CONCATENATE(BH10,"-",BI10),AND(BH9<>"00",BH10="00"),CONCATENATE(BH9,"-",BI9))} -> ;H | BJ11: {=_xlfn.IFS(AND(BJ9="00",BJ10="00"),";H",AND(BJ9<>"00",BJ10<>"00"),CONCATENATE(BJ9,"-",BK10,"(",BK9,"-",BJ10,")"),AND(BJ9="00",BJ10<>"00"),CONCATENATE(BJ10,"-",BK10),AND(BJ9<>"00",BJ10="00"),CONCATENATE(BJ9,"-",BK9))} -> ;H | BL11: {=_xlfn.IFS(AND(BL9="00",BL10="00"),";H",AND(BL9<>"00",BL10<>"00"),CONCATENATE(BL9,"-",BM10,"(",BM9,"-",BL10,")"),AND(BL9="00",BL10<>"00"),CONCATENATE(BL10,"-",BM10),AND(BL9<>"00",BL10="00"),CONCATENATE(BL9,"-",BM9))} -> ;H
B12: =整月外場班表!B12 -> 宋文馨 | D12: =IF(MOD(整月外場班表!D12,1)=0,CONCATENATE(整月外場班表!D12,"00"),CONCATENATE(INT(整月外場班表!D12),"30")) -> 00 | E12: =IF(MOD(整月外場班表!E12,1)=0,CONCATENATE(整月外場班表!E12,"00"),CONCATENATE(INT(整月外場班表!E12),"30")) -> 00 | F12: =IF(MOD(整月外場班表!F12,1)=0,CONCATENATE(整月外場班表!F12,"00"),CONCATENATE(INT(整月外場班表!F12),"30")) -> 00 | G12: =IF(MOD(整月外場班表!G12,1)=0,CONCATENATE(整月外場班表!G12,"00"),CONCATENATE(INT(整月外場班表!G12),"30")) -> 00 | H12: =IF(MOD(整月外場班表!H12,1)=0,CONCATENATE(整月外場班表!H12,"00"),CONCATENATE(INT(整月外場班表!H12),"30")) -> 00 | I12: =IF(MOD(整月外場班表!I12,1)=0,CONCATENATE(整月外場班表!I12,"00"),CONCATENATE(INT(整月外場班表!I12),"30")) -> 00 | J12: =IF(MOD(整月外場班表!J12,1)=0,CONCATENATE(整月外場班表!J12,"00"),CONCATENATE(INT(整月外場班表!J12),"30")) -> 00 | K12: =IF(MOD(整月外場班表!K12,1)=0,CONCATENATE(整月外場班表!K12,"00"),CONCATENATE(INT(整月外場班表!K12),"30")) -> 00 | ... BM12: =IF(MOD(整月外場班表!BM12,1)=0,CONCATENATE(整月外場班表!BM12,"00"),CONCATENATE(INT(整月外場班表!BM12),"30")) -> 00
D13: =IF(MOD(整月外場班表!D13,1)=0,CONCATENATE(整月外場班表!D13,"00"),CONCATENATE(INT(整月外場班表!D13),"30")) -> 00 | E13: =IF(MOD(整月外場班表!E13,1)=0,CONCATENATE(整月外場班表!E13,"00"),CONCATENATE(INT(整月外場班表!E13),"30")) -> 00 | F13: =IF(MOD(整月外場班表!F13,1)=0,CONCATENATE(整月外場班表!F13,"00"),CONCATENATE(INT(整月外場班表!F13),"30")) -> 00 | G13: =IF(MOD(整月外場班表!G13,1)=0,CONCATENATE(整月外場班表!G13,"00"),CONCATENATE(INT(整月外場班表!G13),"30")) -> 00 | H13: =IF(MOD(整月外場班表!H13,1)=0,CONCATENATE(整月外場班表!H13,"00"),CONCATENATE(INT(整月外場班表!H13),"30")) -> 00 | I13: =IF(MOD(整月外場班表!I13,1)=0,CONCATENATE(整月外場班表!I13,"00"),CONCATENATE(INT(整月外場班表!I13),"30")) -> 00 | J13: =IF(MOD(整月外場班表!J13,1)=0,CONCATENATE(整月外場班表!J13,"00"),CONCATENATE(INT(整月外場班表!J13),"30")) -> 00 | K13: =IF(MOD(整月外場班表!K13,1)=0,CONCATENATE(整月外場班表!K13,"00"),CONCATENATE(INT(整月外場班表!K13),"30")) -> 00 | ... BM13: =IF(MOD(整月外場班表!BM13,1)=0,CONCATENATE(整月外場班表!BM13,"00"),CONCATENATE(INT(整月外場班表!BM13),"30")) -> 00
D14: {=_xlfn.IFS(AND(D12="00",D13="00"),";H",AND(D12<>"00",D13<>"00"),CONCATENATE(D12,"-",E13,"(",E12,"-",D13,")"),AND(D12="00",D13<>"00"),CONCATENATE(D13,"-",E13),AND(D12<>"00",D13="00"),CONCATENATE(D12,"-",E12))} -> ;H | F14: {=_xlfn.IFS(AND(F12="00",F13="00"),";H",AND(F12<>"00",F13<>"00"),CONCATENATE(F12,"-",G13,"(",G12,"-",F13,")"),AND(F12="00",F13<>"00"),CONCATENATE(F13,"-",G13),AND(F12<>"00",F13="00"),CONCATENATE(F12,"-",G12))} -> ;H | H14: {=_xlfn.IFS(AND(H12="00",H13="00"),";H",AND(H12<>"00",H13<>"00"),CONCATENATE(H12,"-",I13,"(",I12,"-",H13,")"),AND(H12="00",H13<>"00"),CONCATENATE(H13,"-",I13),AND(H12<>"00",H13="00"),CONCATENATE(H12,"-",I12))} -> ;H | J14: {=_xlfn.IFS(AND(J12="00",J13="00"),";H",AND(J12<>"00",J13<>"00"),CONCATENATE(J12,"-",K13,"(",K12,"-",J13,")"),AND(J12="00",J13<>"00"),CONCATENATE(J13,"-",K13),AND(J12<>"00",J13="00"),CONCATENATE(J12,"-",K12))} -> ;H | L14: {=_xlfn.IFS(AND(L12="00",L13="00"),";H",AND(L12<>"00",L13<>"00"),CONCATENATE(L12,"-",M13,"(",M12,"-",L13,")"),AND(L12="00",L13<>"00"),CONCATENATE(L13,"-",M13),AND(L12<>"00",L13="00"),CONCATENATE(L12,"-",M12))} -> ;H | N14: {=_xlfn.IFS(AND(N12="00",N13="00"),";H",AND(N12<>"00",N13<>"00"),CONCATENATE(N12,"-",O13,"(",O12,"-",N13,")"),AND(N12="00",N13<>"00"),CONCATENATE(N13,"-",O13),AND(N12<>"00",N13="00"),CONCATENATE(N12,"-",O12))} -> ;H | P14: {=_xlfn.IFS(AND(P12="00",P13="00"),";H",AND(P12<>"00",P13<>"00"),CONCATENATE(P12,"-",Q13,"(",Q12,"-",P13,")"),AND(P12="00",P13<>"00"),CONCATENATE(P13,"-",Q13),AND(P12<>"00",P13="00"),CONCATENATE(P12,"-",Q12))} -> ;H | R14: {=_xlfn.IFS(AND(R12="00",R13="00"),";H",AND(R12<>"00",R13<>"00"),CONCATENATE(R12,"-",S13,"(",S12,"-",R13,")"),AND(R12="00",R13<>"00"),CONCATENATE(R13,"-",S13),AND(R12<>"00",R13="00"),CONCATENATE(R12,"-",S12))} -> ;H | T14: {=_xlfn.IFS(AND(T12="00",T13="00"),";H",AND(T12<>"00",T13<>"00"),CONCATENATE(T12,"-",U13,"(",U12,"-",T13,")"),AND(T12="00",T13<>"00"),CONCATENATE(T13,"-",U13),AND(T12<>"00",T13="00"),CONCATENATE(T12,"-",U12))} -> ;H | V14: {=_xlfn.IFS(AND(V12="00",V13="00"),";H",AND(V12<>"00",V13<>"00"),CONCATENATE(V12,"-",W13,"(",W12,"-",V13,")"),AND(V12="00",V13<>"00"),CONCATENATE(V13,"-",W13),AND(V12<>"00",V13="00"),CONCATENATE(V12,"-",W12))} -> ;H | X14: {=_xlfn.IFS(AND(X12="00",X13="00"),";H",AND(X12<>"00",X13<>"00"),CONCATENATE(X12,"-",Y13,"(",Y12,"-",X13,")"),AND(X12="00",X13<>"00"),CONCATENATE(X13,"-",Y13),AND(X12<>"00",X13="00"),CONCATENATE(X12,"-",Y12))} -> ;H | Z14: {=_xlfn.IFS(AND(Z12="00",Z13="00"),";H",AND(Z12<>"00",Z13<>"00"),CONCATENATE(Z12,"-",AA13,"(",AA12,"-",Z13,")"),AND(Z12="00",Z13<>"00"),CONCATENATE(Z13,"-",AA13),AND(Z12<>"00",Z13="00"),CONCATENATE(Z12,"-",AA12))} -> ;H | AB14: {=_xlfn.IFS(AND(AB12="00",AB13="00"),";H",AND(AB12<>"00",AB13<>"00"),CONCATENATE(AB12,"-",AC13,"(",AC12,"-",AB13,")"),AND(AB12="00",AB13<>"00"),CONCATENATE(AB13,"-",AC13),AND(AB12<>"00",AB13="00"),CONCATENATE(AB12,"-",AC12))} -> ;H | AD14: {=_xlfn.IFS(AND(AD12="00",AD13="00"),";H",AND(AD12<>"00",AD13<>"00"),CONCATENATE(AD12,"-",AE13,"(",AE12,"-",AD13,")"),AND(AD12="00",AD13<>"00"),CONCATENATE(AD13,"-",AE13),AND(AD12<>"00",AD13="00"),CONCATENATE(AD12,"-",AE12))} -> ;H | AF14: {=_xlfn.IFS(AND(AF12="00",AF13="00"),";H",AND(AF12<>"00",AF13<>"00"),CONCATENATE(AF12,"-",AG13,"(",AG12,"-",AF13,")"),AND(AF12="00",AF13<>"00"),CONCATENATE(AF13,"-",AG13),AND(AF12<>"00",AF13="00"),CONCATENATE(AF12,"-",AG12))} -> ;H | AH14: {=_xlfn.IFS(AND(AH12="00",AH13="00"),";H",AND(AH12<>"00",AH13<>"00"),CONCATENATE(AH12,"-",AI13,"(",AI12,"-",AH13,")"),AND(AH12="00",AH13<>"00"),CONCATENATE(AH13,"-",AI13),AND(AH12<>"00",AH13="00"),CONCATENATE(AH12,"-",AI12))} -> ;H | AJ14: {=_xlfn.IFS(AND(AJ12="00",AJ13="00"),";H",AND(AJ12<>"00",AJ13<>"00"),CONCATENATE(AJ12,"-",AK13,"(",AK12,"-",AJ13,")"),AND(AJ12="00",AJ13<>"00"),CONCATENATE(AJ13,"-",AK13),AND(AJ12<>"00",AJ13="00"),CONCATENATE(AJ12,"-",AK12))} -> ;H | AL14: {=_xlfn.IFS(AND(AL12="00",AL13="00"),";H",AND(AL12<>"00",AL13<>"00"),CONCATENATE(AL12,"-",AM13,"(",AM12,"-",AL13,")"),AND(AL12="00",AL13<>"00"),CONCATENATE(AL13,"-",AM13),AND(AL12<>"00",AL13="00"),CONCATENATE(AL12,"-",AM12))} -> ;H | AN14: {=_xlfn.IFS(AND(AN12="00",AN13="00"),";H",AND(AN12<>"00",AN13<>"00"),CONCATENATE(AN12,"-",AO13,"(",AO12,"-",AN13,")"),AND(AN12="00",AN13<>"00"),CONCATENATE(AN13,"-",AO13),AND(AN12<>"00",AN13="00"),CONCATENATE(AN12,"-",AO12))} -> ;H | AP14: {=_xlfn.IFS(AND(AP12="00",AP13="00"),";H",AND(AP12<>"00",AP13<>"00"),CONCATENATE(AP12,"-",AQ13,"(",AQ12,"-",AP13,")"),AND(AP12="00",AP13<>"00"),CONCATENATE(AP13,"-",AQ13),AND(AP12<>"00",AP13="00"),CONCATENATE(AP12,"-",AQ12))} -> ;H | AR14: {=_xlfn.IFS(AND(AR12="00",AR13="00"),";H",AND(AR12<>"00",AR13<>"00"),CONCATENATE(AR12,"-",AS13,"(",AS12,"-",AR13,")"),AND(AR12="00",AR13<>"00"),CONCATENATE(AR13,"-",AS13),AND(AR12<>"00",AR13="00"),CONCATENATE(AR12,"-",AS12))} -> ;H | AT14: {=_xlfn.IFS(AND(AT12="00",AT13="00"),";H",AND(AT12<>"00",AT13<>"00"),CONCATENATE(AT12,"-",AU13,"(",AU12,"-",AT13,")"),AND(AT12="00",AT13<>"00"),CONCATENATE(AT13,"-",AU13),AND(AT12<>"00",AT13="00"),CONCATENATE(AT12,"-",AU12))} -> ;H | AV14: {=_xlfn.IFS(AND(AV12="00",AV13="00"),";H",AND(AV12<>"00",AV13<>"00"),CONCATENATE(AV12,"-",AW13,"(",AW12,"-",AV13,")"),AND(AV12="00",AV13<>"00"),CONCATENATE(AV13,"-",AW13),AND(AV12<>"00",AV13="00"),CONCATENATE(AV12,"-",AW12))} -> ;H | AX14: {=_xlfn.IFS(AND(AX12="00",AX13="00"),";H",AND(AX12<>"00",AX13<>"00"),CONCATENATE(AX12,"-",AY13,"(",AY12,"-",AX13,")"),AND(AX12="00",AX13<>"00"),CONCATENATE(AX13,"-",AY13),AND(AX12<>"00",AX13="00"),CONCATENATE(AX12,"-",AY12))} -> ;H | AZ14: {=_xlfn.IFS(AND(AZ12="00",AZ13="00"),";H",AND(AZ12<>"00",AZ13<>"00"),CONCATENATE(AZ12,"-",BA13,"(",BA12,"-",AZ13,")"),AND(AZ12="00",AZ13<>"00"),CONCATENATE(AZ13,"-",BA13),AND(AZ12<>"00",AZ13="00"),CONCATENATE(AZ12,"-",BA12))} -> ;H | BB14: {=_xlfn.IFS(AND(BB12="00",BB13="00"),";H",AND(BB12<>"00",BB13<>"00"),CONCATENATE(BB12,"-",BC13,"(",BC12,"-",BB13,")"),AND(BB12="00",BB13<>"00"),CONCATENATE(BB13,"-",BC13),AND(BB12<>"00",BB13="00"),CONCATENATE(BB12,"-",BC12))} -> ;H | BD14: {=_xlfn.IFS(AND(BD12="00",BD13="00"),";H",AND(BD12<>"00",BD13<>"00"),CONCATENATE(BD12,"-",BE13,"(",BE12,"-",BD13,")"),AND(BD12="00",BD13<>"00"),CONCATENATE(BD13,"-",BE13),AND(BD12<>"00",BD13="00"),CONCATENATE(BD12,"-",BE12))} -> ;H | BF14: {=_xlfn.IFS(AND(BF12="00",BF13="00"),";H",AND(BF12<>"00",BF13<>"00"),CONCATENATE(BF12,"-",BG13,"(",BG12,"-",BF13,")"),AND(BF12="00",BF13<>"00"),CONCATENATE(BF13,"-",BG13),AND(BF12<>"00",BF13="00"),CONCATENATE(BF12,"-",BG12))} -> ;H | BH14: {=_xlfn.IFS(AND(BH12="00",BH13="00"),";H",AND(BH12<>"00",BH13<>"00"),CONCATENATE(BH12,"-",BI13,"(",BI12,"-",BH13,")"),AND(BH12="00",BH13<>"00"),CONCATENATE(BH13,"-",BI13),AND(BH12<>"00",BH13="00"),CONCATENATE(BH12,"-",BI12))} -> ;H | BJ14: {=_xlfn.IFS(AND(BJ12="00",BJ13="00"),";H",AND(BJ12<>"00",BJ13<>"00"),CONCATENATE(BJ12,"-",BK13,"(",BK12,"-",BJ13,")"),AND(BJ12="00",BJ13<>"00"),CONCATENATE(BJ13,"-",BK13),AND(BJ12<>"00",BJ13="00"),CONCATENATE(BJ12,"-",BK12))} -> ;H | BL14: {=_xlfn.IFS(AND(BL12="00",BL13="00"),";H",AND(BL12<>"00",BL13<>"00"),CONCATENATE(BL12,"-",BM13,"(",BM12,"-",BL13,")"),AND(BL12="00",BL13<>"00"),CONCATENATE(BL13,"-",BM13),AND(BL12<>"00",BL13="00"),CONCATENATE(BL12,"-",BM12))} -> ;H
B15: =整月外場班表!B15 -> 程楚茜 | D15: =IF(MOD(整月外場班表!D15,1)=0,CONCATENATE(整月外場班表!D15,"00"),CONCATENATE(INT(整月外場班表!D15),"30")) -> 00 | E15: =IF(MOD(整月外場班表!E15,1)=0,CONCATENATE(整月外場班表!E15,"00"),CONCATENATE(INT(整月外場班表!E15),"30")) -> 00 | F15: =IF(MOD(整月外場班表!F15,1)=0,CONCATENATE(整月外場班表!F15,"00"),CONCATENATE(INT(整月外場班表!F15),"30")) -> 00 | G15: =IF(MOD(整月外場班表!G15,1)=0,CONCATENATE(整月外場班表!G15,"00"),CONCATENATE(INT(整月外場班表!G15),"30")) -> 00 | H15: =IF(MOD(整月外場班表!H15,1)=0,CONCATENATE(整月外場班表!H15,"00"),CONCATENATE(INT(整月外場班表!H15),"30")) -> 00 | I15: =IF(MOD(整月外場班表!I15,1)=0,CONCATENATE(整月外場班表!I15,"00"),CONCATENATE(INT(整月外場班表!I15),"30")) -> 00 | J15: =IF(MOD(整月外場班表!J15,1)=0,CONCATENATE(整月外場班表!J15,"00"),CONCATENATE(INT(整月外場班表!J15),"30")) -> 00 | K15: =IF(MOD(整月外場班表!K15,1)=0,CONCATENATE(整月外場班表!K15,"00"),CONCATENATE(INT(整月外場班表!K15),"30")) -> 00 | ... BM15: =IF(MOD(整月外場班表!BM15,1)=0,CONCATENATE(整月外場班表!BM15,"00"),CONCATENATE(INT(整月外場班表!BM15),"30")) -> 00
D16: =IF(MOD(整月外場班表!D16,1)=0,CONCATENATE(整月外場班表!D16,"00"),CONCATENATE(INT(整月外場班表!D16),"30")) -> 00 | E16: =IF(MOD(整月外場班表!E16,1)=0,CONCATENATE(整月外場班表!E16,"00"),CONCATENATE(INT(整月外場班表!E16),"30")) -> 00 | F16: =IF(MOD(整月外場班表!F16,1)=0,CONCATENATE(整月外場班表!F16,"00"),CONCATENATE(INT(整月外場班表!F16),"30")) -> 00 | G16: =IF(MOD(整月外場班表!G16,1)=0,CONCATENATE(整月外場班表!G16,"00"),CONCATENATE(INT(整月外場班表!G16),"30")) -> 00 | H16: =IF(MOD(整月外場班表!H16,1)=0,CONCATENATE(整月外場班表!H16,"00"),CONCATENATE(INT(整月外場班表!H16),"30")) -> 00 | I16: =IF(MOD(整月外場班表!I16,1)=0,CONCATENATE(整月外場班表!I16,"00"),CONCATENATE(INT(整月外場班表!I16),"30")) -> 00 | J16: =IF(MOD(整月外場班表!J16,1)=0,CONCATENATE(整月外場班表!J16,"00"),CONCATENATE(INT(整月外場班表!J16),"30")) -> 00 | K16: =IF(MOD(整月外場班表!K16,1)=0,CONCATENATE(整月外場班表!K16,"00"),CONCATENATE(INT(整月外場班表!K16),"30")) -> 00 | ... BM16: =IF(MOD(整月外場班表!BM16,1)=0,CONCATENATE(整月外場班表!BM16,"00"),CONCATENATE(INT(整月外場班表!BM16),"30")) -> 00
D17: {=_xlfn.IFS(AND(D15="00",D16="00"),";H",AND(D15<>"00",D16<>"00"),CONCATENATE(D15,"-",E16,"(",E15,"-",D16,")"),AND(D15="00",D16<>"00"),CONCATENATE(D16,"-",E16),AND(D15<>"00",D16="00"),CONCATENATE(D15,"-",E15))} -> ;H | F17: {=_xlfn.IFS(AND(F15="00",F16="00"),";H",AND(F15<>"00",F16<>"00"),CONCATENATE(F15,"-",G16,"(",G15,"-",F16,")"),AND(F15="00",F16<>"00"),CONCATENATE(F16,"-",G16),AND(F15<>"00",F16="00"),CONCATENATE(F15,"-",G15))} -> ;H | H17: {=_xlfn.IFS(AND(H15="00",H16="00"),";H",AND(H15<>"00",H16<>"00"),CONCATENATE(H15,"-",I16,"(",I15,"-",H16,")"),AND(H15="00",H16<>"00"),CONCATENATE(H16,"-",I16),AND(H15<>"00",H16="00"),CONCATENATE(H15,"-",I15))} -> ;H | J17: {=_xlfn.IFS(AND(J15="00",J16="00"),";H",AND(J15<>"00",J16<>"00"),CONCATENATE(J15,"-",K16,"(",K15,"-",J16,")"),AND(J15="00",J16<>"00"),CONCATENATE(J16,"-",K16),AND(J15<>"00",J16="00"),CONCATENATE(J15,"-",K15))} -> ;H | L17: {=_xlfn.IFS(AND(L15="00",L16="00"),";H",AND(L15<>"00",L16<>"00"),CONCATENATE(L15,"-",M16,"(",M15,"-",L16,")"),AND(L15="00",L16<>"00"),CONCATENATE(L16,"-",M16),AND(L15<>"00",L16="00"),CONCATENATE(L15,"-",M15))} -> ;H | N17: {=_xlfn.IFS(AND(N15="00",N16="00"),";H",AND(N15<>"00",N16<>"00"),CONCATENATE(N15,"-",O16,"(",O15,"-",N16,")"),AND(N15="00",N16<>"00"),CONCATENATE(N16,"-",O16),AND(N15<>"00",N16="00"),CONCATENATE(N15,"-",O15))} -> ;H | P17: {=_xlfn.IFS(AND(P15="00",P16="00"),";H",AND(P15<>"00",P16<>"00"),CONCATENATE(P15,"-",Q16,"(",Q15,"-",P16,")"),AND(P15="00",P16<>"00"),CONCATENATE(P16,"-",Q16),AND(P15<>"00",P16="00"),CONCATENATE(P15,"-",Q15))} -> ;H | R17: {=_xlfn.IFS(AND(R15="00",R16="00"),";H",AND(R15<>"00",R16<>"00"),CONCATENATE(R15,"-",S16,"(",S15,"-",R16,")"),AND(R15="00",R16<>"00"),CONCATENATE(R16,"-",S16),AND(R15<>"00",R16="00"),CONCATENATE(R15,"-",S15))} -> ;H | T17: {=_xlfn.IFS(AND(T15="00",T16="00"),";H",AND(T15<>"00",T16<>"00"),CONCATENATE(T15,"-",U16,"(",U15,"-",T16,")"),AND(T15="00",T16<>"00"),CONCATENATE(T16,"-",U16),AND(T15<>"00",T16="00"),CONCATENATE(T15,"-",U15))} -> ;H | V17: {=_xlfn.IFS(AND(V15="00",V16="00"),";H",AND(V15<>"00",V16<>"00"),CONCATENATE(V15,"-",W16,"(",W15,"-",V16,")"),AND(V15="00",V16<>"00"),CONCATENATE(V16,"-",W16),AND(V15<>"00",V16="00"),CONCATENATE(V15,"-",W15))} -> ;H | X17: {=_xlfn.IFS(AND(X15="00",X16="00"),";H",AND(X15<>"00",X16<>"00"),CONCATENATE(X15,"-",Y16,"(",Y15,"-",X16,")"),AND(X15="00",X16<>"00"),CONCATENATE(X16,"-",Y16),AND(X15<>"00",X16="00"),CONCATENATE(X15,"-",Y15))} -> ;H | Z17: {=_xlfn.IFS(AND(Z15="00",Z16="00"),";H",AND(Z15<>"00",Z16<>"00"),CONCATENATE(Z15,"-",AA16,"(",AA15,"-",Z16,")"),AND(Z15="00",Z16<>"00"),CONCATENATE(Z16,"-",AA16),AND(Z15<>"00",Z16="00"),CONCATENATE(Z15,"-",AA15))} -> ;H | AB17: {=_xlfn.IFS(AND(AB15="00",AB16="00"),";H",AND(AB15<>"00",AB16<>"00"),CONCATENATE(AB15,"-",AC16,"(",AC15,"-",AB16,")"),AND(AB15="00",AB16<>"00"),CONCATENATE(AB16,"-",AC16),AND(AB15<>"00",AB16="00"),CONCATENATE(AB15,"-",AC15))} -> ;H | AD17: {=_xlfn.IFS(AND(AD15="00",AD16="00"),";H",AND(AD15<>"00",AD16<>"00"),CONCATENATE(AD15,"-",AE16,"(",AE15,"-",AD16,")"),AND(AD15="00",AD16<>"00"),CONCATENATE(AD16,"-",AE16),AND(AD15<>"00",AD16="00"),CONCATENATE(AD15,"-",AE15))} -> ;H | AF17: {=_xlfn.IFS(AND(AF15="00",AF16="00"),";H",AND(AF15<>"00",AF16<>"00"),CONCATENATE(AF15,"-",AG16,"(",AG15,"-",AF16,")"),AND(AF15="00",AF16<>"00"),CONCATENATE(AF16,"-",AG16),AND(AF15<>"00",AF16="00"),CONCATENATE(AF15,"-",AG15))} -> ;H | AH17: {=_xlfn.IFS(AND(AH15="00",AH16="00"),";H",AND(AH15<>"00",AH16<>"00"),CONCATENATE(AH15,"-",AI16,"(",AI15,"-",AH16,")"),AND(AH15="00",AH16<>"00"),CONCATENATE(AH16,"-",AI16),AND(AH15<>"00",AH16="00"),CONCATENATE(AH15,"-",AI15))} -> ;H | AJ17: {=_xlfn.IFS(AND(AJ15="00",AJ16="00"),";H",AND(AJ15<>"00",AJ16<>"00"),CONCATENATE(AJ15,"-",AK16,"(",AK15,"-",AJ16,")"),AND(AJ15="00",AJ16<>"00"),CONCATENATE(AJ16,"-",AK16),AND(AJ15<>"00",AJ16="00"),CONCATENATE(AJ15,"-",AK15))} -> ;H | AL17: {=_xlfn.IFS(AND(AL15="00",AL16="00"),";H",AND(AL15<>"00",AL16<>"00"),CONCATENATE(AL15,"-",AM16,"(",AM15,"-",AL16,")"),AND(AL15="00",AL16<>"00"),CONCATENATE(AL16,"-",AM16),AND(AL15<>"00",AL16="00"),CONCATENATE(AL15,"-",AM15))} -> ;H | AN17: {=_xlfn.IFS(AND(AN15="00",AN16="00"),";H",AND(AN15<>"00",AN16<>"00"),CONCATENATE(AN15,"-",AO16,"(",AO15,"-",AN16,")"),AND(AN15="00",AN16<>"00"),CONCATENATE(AN16,"-",AO16),AND(AN15<>"00",AN16="00"),CONCATENATE(AN15,"-",AO15))} -> ;H | AP17: {=_xlfn.IFS(AND(AP15="00",AP16="00"),";H",AND(AP15<>"00",AP16<>"00"),CONCATENATE(AP15,"-",AQ16,"(",AQ15,"-",AP16,")"),AND(AP15="00",AP16<>"00"),CONCATENATE(AP16,"-",AQ16),AND(AP15<>"00",AP16="00"),CONCATENATE(AP15,"-",AQ15))} -> ;H | AR17: {=_xlfn.IFS(AND(AR15="00",AR16="00"),";H",AND(AR15<>"00",AR16<>"00"),CONCATENATE(AR15,"-",AS16,"(",AS15,"-",AR16,")"),AND(AR15="00",AR16<>"00"),CONCATENATE(AR16,"-",AS16),AND(AR15<>"00",AR16="00"),CONCATENATE(AR15,"-",AS15))} -> ;H | AT17: {=_xlfn.IFS(AND(AT15="00",AT16="00"),";H",AND(AT15<>"00",AT16<>"00"),CONCATENATE(AT15,"-",AU16,"(",AU15,"-",AT16,")"),AND(AT15="00",AT16<>"00"),CONCATENATE(AT16,"-",AU16),AND(AT15<>"00",AT16="00"),CONCATENATE(AT15,"-",AU15))} -> ;H | AV17: {=_xlfn.IFS(AND(AV15="00",AV16="00"),";H",AND(AV15<>"00",AV16<>"00"),CONCATENATE(AV15,"-",AW16,"(",AW15,"-",AV16,")"),AND(AV15="00",AV16<>"00"),CONCATENATE(AV16,"-",AW16),AND(AV15<>"00",AV16="00"),CONCATENATE(AV15,"-",AW15))} -> ;H | AX17: {=_xlfn.IFS(AND(AX15="00",AX16="00"),";H",AND(AX15<>"00",AX16<>"00"),CONCATENATE(AX15,"-",AY16,"(",AY15,"-",AX16,")"),AND(AX15="00",AX16<>"00"),CONCATENATE(AX16,"-",AY16),AND(AX15<>"00",AX16="00"),CONCATENATE(AX15,"-",AY15))} -> ;H | AZ17: {=_xlfn.IFS(AND(AZ15="00",AZ16="00"),";H",AND(AZ15<>"00",AZ16<>"00"),CONCATENATE(AZ15,"-",BA16,"(",BA15,"-",AZ16,")"),AND(AZ15="00",AZ16<>"00"),CONCATENATE(AZ16,"-",BA16),AND(AZ15<>"00",AZ16="00"),CONCATENATE(AZ15,"-",BA15))} -> ;H | BB17: {=_xlfn.IFS(AND(BB15="00",BB16="00"),";H",AND(BB15<>"00",BB16<>"00"),CONCATENATE(BB15,"-",BC16,"(",BC15,"-",BB16,")"),AND(BB15="00",BB16<>"00"),CONCATENATE(BB16,"-",BC16),AND(BB15<>"00",BB16="00"),CONCATENATE(BB15,"-",BC15))} -> ;H | BD17: {=_xlfn.IFS(AND(BD15="00",BD16="00"),";H",AND(BD15<>"00",BD16<>"00"),CONCATENATE(BD15,"-",BE16,"(",BE15,"-",BD16,")"),AND(BD15="00",BD16<>"00"),CONCATENATE(BD16,"-",BE16),AND(BD15<>"00",BD16="00"),CONCATENATE(BD15,"-",BE15))} -> ;H | BF17: {=_xlfn.IFS(AND(BF15="00",BF16="00"),";H",AND(BF15<>"00",BF16<>"00"),CONCATENATE(BF15,"-",BG16,"(",BG15,"-",BF16,")"),AND(BF15="00",BF16<>"00"),CONCATENATE(BF16,"-",BG16),AND(BF15<>"00",BF16="00"),CONCATENATE(BF15,"-",BG15))} -> ;H | BH17: {=_xlfn.IFS(AND(BH15="00",BH16="00"),";H",AND(BH15<>"00",BH16<>"00"),CONCATENATE(BH15,"-",BI16,"(",BI15,"-",BH16,")"),AND(BH15="00",BH16<>"00"),CONCATENATE(BH16,"-",BI16),AND(BH15<>"00",BH16="00"),CONCATENATE(BH15,"-",BI15))} -> ;H | BJ17: {=_xlfn.IFS(AND(BJ15="00",BJ16="00"),";H",AND(BJ15<>"00",BJ16<>"00"),CONCATENATE(BJ15,"-",BK16,"(",BK15,"-",BJ16,")"),AND(BJ15="00",BJ16<>"00"),CONCATENATE(BJ16,"-",BK16),AND(BJ15<>"00",BJ16="00"),CONCATENATE(BJ15,"-",BK15))} -> ;H | BL17: {=_xlfn.IFS(AND(BL15="00",BL16="00"),";H",AND(BL15<>"00",BL16<>"00"),CONCATENATE(BL15,"-",BM16,"(",BM15,"-",BL16,")"),AND(BL15="00",BL16<>"00"),CONCATENATE(BL16,"-",BM16),AND(BL15<>"00",BL16="00"),CONCATENATE(BL15,"-",BM15))} -> ;H
B18: =整月外場班表!B18 -> 林郁珮 | D18: =IF(MOD(整月外場班表!D18,1)=0,CONCATENATE(整月外場班表!D18,"00"),CONCATENATE(INT(整月外場班表!D18),"30")) -> 00 | E18: =IF(MOD(整月外場班表!E18,1)=0,CONCATENATE(整月外場班表!E18,"00"),CONCATENATE(INT(整月外場班表!E18),"30")) -> 00 | F18: =IF(MOD(整月外場班表!F18,1)=0,CONCATENATE(整月外場班表!F18,"00"),CONCATENATE(INT(整月外場班表!F18),"30")) -> 00 | G18: =IF(MOD(整月外場班表!G18,1)=0,CONCATENATE(整月外場班表!G18,"00"),CONCATENATE(INT(整月外場班表!G18),"30")) -> 00 | H18: =IF(MOD(整月外場班表!H18,1)=0,CONCATENATE(整月外場班表!H18,"00"),CONCATENATE(INT(整月外場班表!H18),"30")) -> 00 | I18: =IF(MOD(整月外場班表!I18,1)=0,CONCATENATE(整月外場班表!I18,"00"),CONCATENATE(INT(整月外場班表!I18),"30")) -> 00 | J18: =IF(MOD(整月外場班表!J18,1)=0,CONCATENATE(整月外場班表!J18,"00"),CONCATENATE(INT(整月外場班表!J18),"30")) -> 00 | K18: =IF(MOD(整月外場班表!K18,1)=0,CONCATENATE(整月外場班表!K18,"00"),CONCATENATE(INT(整月外場班表!K18),"30")) -> 00 | ... BM18: =IF(MOD(整月外場班表!BM18,1)=0,CONCATENATE(整月外場班表!BM18,"00"),CONCATENATE(INT(整月外場班表!BM18),"30")) -> 00
D19: =IF(MOD(整月外場班表!D19,1)=0,CONCATENATE(整月外場班表!D19,"00"),CONCATENATE(INT(整月外場班表!D19),"30")) -> 00 | E19: =IF(MOD(整月外場班表!E19,1)=0,CONCATENATE(整月外場班表!E19,"00"),CONCATENATE(INT(整月外場班表!E19),"30")) -> 00 | F19: =IF(MOD(整月外場班表!F19,1)=0,CONCATENATE(整月外場班表!F19,"00"),CONCATENATE(INT(整月外場班表!F19),"30")) -> 00 | G19: =IF(MOD(整月外場班表!G19,1)=0,CONCATENATE(整月外場班表!G19,"00"),CONCATENATE(INT(整月外場班表!G19),"30")) -> 00 | H19: =IF(MOD(整月外場班表!H19,1)=0,CONCATENATE(整月外場班表!H19,"00"),CONCATENATE(INT(整月外場班表!H19),"30")) -> 00 | I19: =IF(MOD(整月外場班表!I19,1)=0,CONCATENATE(整月外場班表!I19,"00"),CONCATENATE(INT(整月外場班表!I19),"30")) -> 00 | J19: =IF(MOD(整月外場班表!J19,1)=0,CONCATENATE(整月外場班表!J19,"00"),CONCATENATE(INT(整月外場班表!J19),"30")) -> 00 | K19: =IF(MOD(整月外場班表!K19,1)=0,CONCATENATE(整月外場班表!K19,"00"),CONCATENATE(INT(整月外場班表!K19),"30")) -> 00 | ... BM19: =IF(MOD(整月外場班表!BM19,1)=0,CONCATENATE(整月外場班表!BM19,"00"),CONCATENATE(INT(整月外場班表!BM19),"30")) -> 00
D20: {=_xlfn.IFS(AND(D18="00",D19="00"),";H",AND(D18<>"00",D19<>"00"),CONCATENATE(D18,"-",E19,"(",E18,"-",D19,")"),AND(D18="00",D19<>"00"),CONCATENATE(D19,"-",E19),AND(D18<>"00",D19="00"),CONCATENATE(D18,"-",E18))} -> ;H | F20: {=_xlfn.IFS(AND(F18="00",F19="00"),";H",AND(F18<>"00",F19<>"00"),CONCATENATE(F18,"-",G19,"(",G18,"-",F19,")"),AND(F18="00",F19<>"00"),CONCATENATE(F19,"-",G19),AND(F18<>"00",F19="00"),CONCATENATE(F18,"-",G18))} -> ;H | H20: {=_xlfn.IFS(AND(H18="00",H19="00"),";H",AND(H18<>"00",H19<>"00"),CONCATENATE(H18,"-",I19,"(",I18,"-",H19,")"),AND(H18="00",H19<>"00"),CONCATENATE(H19,"-",I19),AND(H18<>"00",H19="00"),CONCATENATE(H18,"-",I18))} -> ;H | J20: {=_xlfn.IFS(AND(J18="00",J19="00"),";H",AND(J18<>"00",J19<>"00"),CONCATENATE(J18,"-",K19,"(",K18,"-",J19,")"),AND(J18="00",J19<>"00"),CONCATENATE(J19,"-",K19),AND(J18<>"00",J19="00"),CONCATENATE(J18,"-",K18))} -> ;H | L20: {=_xlfn.IFS(AND(L18="00",L19="00"),";H",AND(L18<>"00",L19<>"00"),CONCATENATE(L18,"-",M19,"(",M18,"-",L19,")"),AND(L18="00",L19<>"00"),CONCATENATE(L19,"-",M19),AND(L18<>"00",L19="00"),CONCATENATE(L18,"-",M18))} -> ;H | N20: {=_xlfn.IFS(AND(N18="00",N19="00"),";H",AND(N18<>"00",N19<>"00"),CONCATENATE(N18,"-",O19,"(",O18,"-",N19,")"),AND(N18="00",N19<>"00"),CONCATENATE(N19,"-",O19),AND(N18<>"00",N19="00"),CONCATENATE(N18,"-",O18))} -> ;H | P20: {=_xlfn.IFS(AND(P18="00",P19="00"),";H",AND(P18<>"00",P19<>"00"),CONCATENATE(P18,"-",Q19,"(",Q18,"-",P19,")"),AND(P18="00",P19<>"00"),CONCATENATE(P19,"-",Q19),AND(P18<>"00",P19="00"),CONCATENATE(P18,"-",Q18))} -> ;H | R20: {=_xlfn.IFS(AND(R18="00",R19="00"),";H",AND(R18<>"00",R19<>"00"),CONCATENATE(R18,"-",S19,"(",S18,"-",R19,")"),AND(R18="00",R19<>"00"),CONCATENATE(R19,"-",S19),AND(R18<>"00",R19="00"),CONCATENATE(R18,"-",S18))} -> ;H | T20: {=_xlfn.IFS(AND(T18="00",T19="00"),";H",AND(T18<>"00",T19<>"00"),CONCATENATE(T18,"-",U19,"(",U18,"-",T19,")"),AND(T18="00",T19<>"00"),CONCATENATE(T19,"-",U19),AND(T18<>"00",T19="00"),CONCATENATE(T18,"-",U18))} -> ;H | V20: {=_xlfn.IFS(AND(V18="00",V19="00"),";H",AND(V18<>"00",V19<>"00"),CONCATENATE(V18,"-",W19,"(",W18,"-",V19,")"),AND(V18="00",V19<>"00"),CONCATENATE(V19,"-",W19),AND(V18<>"00",V19="00"),CONCATENATE(V18,"-",W18))} -> ;H | X20: {=_xlfn.IFS(AND(X18="00",X19="00"),";H",AND(X18<>"00",X19<>"00"),CONCATENATE(X18,"-",Y19,"(",Y18,"-",X19,")"),AND(X18="00",X19<>"00"),CONCATENATE(X19,"-",Y19),AND(X18<>"00",X19="00"),CONCATENATE(X18,"-",Y18))} -> ;H | Z20: {=_xlfn.IFS(AND(Z18="00",Z19="00"),";H",AND(Z18<>"00",Z19<>"00"),CONCATENATE(Z18,"-",AA19,"(",AA18,"-",Z19,")"),AND(Z18="00",Z19<>"00"),CONCATENATE(Z19,"-",AA19),AND(Z18<>"00",Z19="00"),CONCATENATE(Z18,"-",AA18))} -> ;H | AB20: {=_xlfn.IFS(AND(AB18="00",AB19="00"),";H",AND(AB18<>"00",AB19<>"00"),CONCATENATE(AB18,"-",AC19,"(",AC18,"-",AB19,")"),AND(AB18="00",AB19<>"00"),CONCATENATE(AB19,"-",AC19),AND(AB18<>"00",AB19="00"),CONCATENATE(AB18,"-",AC18))} -> ;H | AD20: {=_xlfn.IFS(AND(AD18="00",AD19="00"),";H",AND(AD18<>"00",AD19<>"00"),CONCATENATE(AD18,"-",AE19,"(",AE18,"-",AD19,")"),AND(AD18="00",AD19<>"00"),CONCATENATE(AD19,"-",AE19),AND(AD18<>"00",AD19="00"),CONCATENATE(AD18,"-",AE18))} -> ;H | AF20: {=_xlfn.IFS(AND(AF18="00",AF19="00"),";H",AND(AF18<>"00",AF19<>"00"),CONCATENATE(AF18,"-",AG19,"(",AG18,"-",AF19,")"),AND(AF18="00",AF19<>"00"),CONCATENATE(AF19,"-",AG19),AND(AF18<>"00",AF19="00"),CONCATENATE(AF18,"-",AG18))} -> ;H | AH20: {=_xlfn.IFS(AND(AH18="00",AH19="00"),";H",AND(AH18<>"00",AH19<>"00"),CONCATENATE(AH18,"-",AI19,"(",AI18,"-",AH19,")"),AND(AH18="00",AH19<>"00"),CONCATENATE(AH19,"-",AI19),AND(AH18<>"00",AH19="00"),CONCATENATE(AH18,"-",AI18))} -> ;H | AJ20: {=_xlfn.IFS(AND(AJ18="00",AJ19="00"),";H",AND(AJ18<>"00",AJ19<>"00"),CONCATENATE(AJ18,"-",AK19,"(",AK18,"-",AJ19,")"),AND(AJ18="00",AJ19<>"00"),CONCATENATE(AJ19,"-",AK19),AND(AJ18<>"00",AJ19="00"),CONCATENATE(AJ18,"-",AK18))} -> ;H | AL20: {=_xlfn.IFS(AND(AL18="00",AL19="00"),";H",AND(AL18<>"00",AL19<>"00"),CONCATENATE(AL18,"-",AM19,"(",AM18,"-",AL19,")"),AND(AL18="00",AL19<>"00"),CONCATENATE(AL19,"-",AM19),AND(AL18<>"00",AL19="00"),CONCATENATE(AL18,"-",AM18))} -> ;H | AN20: {=_xlfn.IFS(AND(AN18="00",AN19="00"),";H",AND(AN18<>"00",AN19<>"00"),CONCATENATE(AN18,"-",AO19,"(",AO18,"-",AN19,")"),AND(AN18="00",AN19<>"00"),CONCATENATE(AN19,"-",AO19),AND(AN18<>"00",AN19="00"),CONCATENATE(AN18,"-",AO18))} -> ;H | AP20: {=_xlfn.IFS(AND(AP18="00",AP19="00"),";H",AND(AP18<>"00",AP19<>"00"),CONCATENATE(AP18,"-",AQ19,"(",AQ18,"-",AP19,")"),AND(AP18="00",AP19<>"00"),CONCATENATE(AP19,"-",AQ19),AND(AP18<>"00",AP19="00"),CONCATENATE(AP18,"-",AQ18))} -> ;H | AR20: {=_xlfn.IFS(AND(AR18="00",AR19="00"),";H",AND(AR18<>"00",AR19<>"00"),CONCATENATE(AR18,"-",AS19,"(",AS18,"-",AR19,")"),AND(AR18="00",AR19<>"00"),CONCATENATE(AR19,"-",AS19),AND(AR18<>"00",AR19="00"),CONCATENATE(AR18,"-",AS18))} -> ;H | AT20: {=_xlfn.IFS(AND(AT18="00",AT19="00"),";H",AND(AT18<>"00",AT19<>"00"),CONCATENATE(AT18,"-",AU19,"(",AU18,"-",AT19,")"),AND(AT18="00",AT19<>"00"),CONCATENATE(AT19,"-",AU19),AND(AT18<>"00",AT19="00"),CONCATENATE(AT18,"-",AU18))} -> ;H | AV20: {=_xlfn.IFS(AND(AV18="00",AV19="00"),";H",AND(AV18<>"00",AV19<>"00"),CONCATENATE(AV18,"-",AW19,"(",AW18,"-",AV19,")"),AND(AV18="00",AV19<>"00"),CONCATENATE(AV19,"-",AW19),AND(AV18<>"00",AV19="00"),CONCATENATE(AV18,"-",AW18))} -> ;H | AX20: {=_xlfn.IFS(AND(AX18="00",AX19="00"),";H",AND(AX18<>"00",AX19<>"00"),CONCATENATE(AX18,"-",AY19,"(",AY18,"-",AX19,")"),AND(AX18="00",AX19<>"00"),CONCATENATE(AX19,"-",AY19),AND(AX18<>"00",AX19="00"),CONCATENATE(AX18,"-",AY18))} -> ;H | AZ20: {=_xlfn.IFS(AND(AZ18="00",AZ19="00"),";H",AND(AZ18<>"00",AZ19<>"00"),CONCATENATE(AZ18,"-",BA19,"(",BA18,"-",AZ19,")"),AND(AZ18="00",AZ19<>"00"),CONCATENATE(AZ19,"-",BA19),AND(AZ18<>"00",AZ19="00"),CONCATENATE(AZ18,"-",BA18))} -> ;H | BB20: {=_xlfn.IFS(AND(BB18="00",BB19="00"),";H",AND(BB18<>"00",BB19<>"00"),CONCATENATE(BB18,"-",BC19,"(",BC18,"-",BB19,")"),AND(BB18="00",BB19<>"00"),CONCATENATE(BB19,"-",BC19),AND(BB18<>"00",BB19="00"),CONCATENATE(BB18,"-",BC18))} -> ;H | BD20: {=_xlfn.IFS(AND(BD18="00",BD19="00"),";H",AND(BD18<>"00",BD19<>"00"),CONCATENATE(BD18,"-",BE19,"(",BE18,"-",BD19,")"),AND(BD18="00",BD19<>"00"),CONCATENATE(BD19,"-",BE19),AND(BD18<>"00",BD19="00"),CONCATENATE(BD18,"-",BE18))} -> ;H | BF20: {=_xlfn.IFS(AND(BF18="00",BF19="00"),";H",AND(BF18<>"00",BF19<>"00"),CONCATENATE(BF18,"-",BG19,"(",BG18,"-",BF19,")"),AND(BF18="00",BF19<>"00"),CONCATENATE(BF19,"-",BG19),AND(BF18<>"00",BF19="00"),CONCATENATE(BF18,"-",BG18))} -> ;H | BH20: {=_xlfn.IFS(AND(BH18="00",BH19="00"),";H",AND(BH18<>"00",BH19<>"00"),CONCATENATE(BH18,"-",BI19,"(",BI18,"-",BH19,")"),AND(BH18="00",BH19<>"00"),CONCATENATE(BH19,"-",BI19),AND(BH18<>"00",BH19="00"),CONCATENATE(BH18,"-",BI18))} -> ;H | BJ20: {=_xlfn.IFS(AND(BJ18="00",BJ19="00"),";H",AND(BJ18<>"00",BJ19<>"00"),CONCATENATE(BJ18,"-",BK19,"(",BK18,"-",BJ19,")"),AND(BJ18="00",BJ19<>"00"),CONCATENATE(BJ19,"-",BK19),AND(BJ18<>"00",BJ19="00"),CONCATENATE(BJ18,"-",BK18))} -> ;H | BL20: {=_xlfn.IFS(AND(BL18="00",BL19="00"),";H",AND(BL18<>"00",BL19<>"00"),CONCATENATE(BL18,"-",BM19,"(",BM18,"-",BL19,")"),AND(BL18="00",BL19<>"00"),CONCATENATE(BL19,"-",BM19),AND(BL18<>"00",BL19="00"),CONCATENATE(BL18,"-",BM18))} -> ;H
B21: =整月外場班表!B21 -> 0 | D21: =IF(MOD(整月外場班表!D21,1)=0,CONCATENATE(整月外場班表!D21,"00"),CONCATENATE(INT(整月外場班表!D21),"30")) -> 00 | E21: =IF(MOD(整月外場班表!E21,1)=0,CONCATENATE(整月外場班表!E21,"00"),CONCATENATE(INT(整月外場班表!E21),"30")) -> 00 | F21: =IF(MOD(整月外場班表!F21,1)=0,CONCATENATE(整月外場班表!F21,"00"),CONCATENATE(INT(整月外場班表!F21),"30")) -> 00 | G21: =IF(MOD(整月外場班表!G21,1)=0,CONCATENATE(整月外場班表!G21,"00"),CONCATENATE(INT(整月外場班表!G21),"30")) -> 00 | H21: =IF(MOD(整月外場班表!H21,1)=0,CONCATENATE(整月外場班表!H21,"00"),CONCATENATE(INT(整月外場班表!H21),"30")) -> 00 | I21: =IF(MOD(整月外場班表!I21,1)=0,CONCATENATE(整月外場班表!I21,"00"),CONCATENATE(INT(整月外場班表!I21),"30")) -> 00 | J21: =IF(MOD(整月外場班表!J21,1)=0,CONCATENATE(整月外場班表!J21,"00"),CONCATENATE(INT(整月外場班表!J21),"30")) -> 00 | K21: =IF(MOD(整月外場班表!K21,1)=0,CONCATENATE(整月外場班表!K21,"00"),CONCATENATE(INT(整月外場班表!K21),"30")) -> 00 | ... BM21: =IF(MOD(整月外場班表!BM21,1)=0,CONCATENATE(整月外場班表!BM21,"00"),CONCATENATE(INT(整月外場班表!BM21),"30")) -> 00
D22: =IF(MOD(整月外場班表!D22,1)=0,CONCATENATE(整月外場班表!D22,"00"),CONCATENATE(INT(整月外場班表!D22),"30")) -> 00 | E22: =IF(MOD(整月外場班表!E22,1)=0,CONCATENATE(整月外場班表!E22,"00"),CONCATENATE(INT(整月外場班表!E22),"30")) -> 00 | F22: =IF(MOD(整月外場班表!F22,1)=0,CONCATENATE(整月外場班表!F22,"00"),CONCATENATE(INT(整月外場班表!F22),"30")) -> 00 | G22: =IF(MOD(整月外場班表!G22,1)=0,CONCATENATE(整月外場班表!G22,"00"),CONCATENATE(INT(整月外場班表!G22),"30")) -> 00 | H22: =IF(MOD(整月外場班表!H22,1)=0,CONCATENATE(整月外場班表!H22,"00"),CONCATENATE(INT(整月外場班表!H22),"30")) -> 00 | I22: =IF(MOD(整月外場班表!I22,1)=0,CONCATENATE(整月外場班表!I22,"00"),CONCATENATE(INT(整月外場班表!I22),"30")) -> 00 | J22: =IF(MOD(整月外場班表!J22,1)=0,CONCATENATE(整月外場班表!J22,"00"),CONCATENATE(INT(整月外場班表!J22),"30")) -> 00 | K22: =IF(MOD(整月外場班表!K22,1)=0,CONCATENATE(整月外場班表!K22,"00"),CONCATENATE(INT(整月外場班表!K22),"30")) -> 00 | ... BM22: =IF(MOD(整月外場班表!BM22,1)=0,CONCATENATE(整月外場班表!BM22,"00"),CONCATENATE(INT(整月外場班表!BM22),"30")) -> 00
D23: {=_xlfn.IFS(AND(D21="00",D22="00"),";H",AND(D21<>"00",D22<>"00"),CONCATENATE(D21,"-",E22,"(",E21,"-",D22,")"),AND(D21="00",D22<>"00"),CONCATENATE(D22,"-",E22),AND(D21<>"00",D22="00"),CONCATENATE(D21,"-",E21))} -> ;H | F23: {=_xlfn.IFS(AND(F21="00",F22="00"),";H",AND(F21<>"00",F22<>"00"),CONCATENATE(F21,"-",G22,"(",G21,"-",F22,")"),AND(F21="00",F22<>"00"),CONCATENATE(F22,"-",G22),AND(F21<>"00",F22="00"),CONCATENATE(F21,"-",G21))} -> ;H | H23: {=_xlfn.IFS(AND(H21="00",H22="00"),";H",AND(H21<>"00",H22<>"00"),CONCATENATE(H21,"-",I22,"(",I21,"-",H22,")"),AND(H21="00",H22<>"00"),CONCATENATE(H22,"-",I22),AND(H21<>"00",H22="00"),CONCATENATE(H21,"-",I21))} -> ;H | J23: {=_xlfn.IFS(AND(J21="00",J22="00"),";H",AND(J21<>"00",J22<>"00"),CONCATENATE(J21,"-",K22,"(",K21,"-",J22,")"),AND(J21="00",J22<>"00"),CONCATENATE(J22,"-",K22),AND(J21<>"00",J22="00"),CONCATENATE(J21,"-",K21))} -> ;H | L23: {=_xlfn.IFS(AND(L21="00",L22="00"),";H",AND(L21<>"00",L22<>"00"),CONCATENATE(L21,"-",M22,"(",M21,"-",L22,")"),AND(L21="00",L22<>"00"),CONCATENATE(L22,"-",M22),AND(L21<>"00",L22="00"),CONCATENATE(L21,"-",M21))} -> ;H | N23: {=_xlfn.IFS(AND(N21="00",N22="00"),";H",AND(N21<>"00",N22<>"00"),CONCATENATE(N21,"-",O22,"(",O21,"-",N22,")"),AND(N21="00",N22<>"00"),CONCATENATE(N22,"-",O22),AND(N21<>"00",N22="00"),CONCATENATE(N21,"-",O21))} -> ;H | P23: {=_xlfn.IFS(AND(P21="00",P22="00"),";H",AND(P21<>"00",P22<>"00"),CONCATENATE(P21,"-",Q22,"(",Q21,"-",P22,")"),AND(P21="00",P22<>"00"),CONCATENATE(P22,"-",Q22),AND(P21<>"00",P22="00"),CONCATENATE(P21,"-",Q21))} -> ;H | R23: {=_xlfn.IFS(AND(R21="00",R22="00"),";H",AND(R21<>"00",R22<>"00"),CONCATENATE(R21,"-",S22,"(",S21,"-",R22,")"),AND(R21="00",R22<>"00"),CONCATENATE(R22,"-",S22),AND(R21<>"00",R22="00"),CONCATENATE(R21,"-",S21))} -> ;H | T23: {=_xlfn.IFS(AND(T21="00",T22="00"),";H",AND(T21<>"00",T22<>"00"),CONCATENATE(T21,"-",U22,"(",U21,"-",T22,")"),AND(T21="00",T22<>"00"),CONCATENATE(T22,"-",U22),AND(T21<>"00",T22="00"),CONCATENATE(T21,"-",U21))} -> ;H | V23: {=_xlfn.IFS(AND(V21="00",V22="00"),";H",AND(V21<>"00",V22<>"00"),CONCATENATE(V21,"-",W22,"(",W21,"-",V22,")"),AND(V21="00",V22<>"00"),CONCATENATE(V22,"-",W22),AND(V21<>"00",V22="00"),CONCATENATE(V21,"-",W21))} -> ;H | X23: {=_xlfn.IFS(AND(X21="00",X22="00"),";H",AND(X21<>"00",X22<>"00"),CONCATENATE(X21,"-",Y22,"(",Y21,"-",X22,")"),AND(X21="00",X22<>"00"),CONCATENATE(X22,"-",Y22),AND(X21<>"00",X22="00"),CONCATENATE(X21,"-",Y21))} -> ;H | Z23: {=_xlfn.IFS(AND(Z21="00",Z22="00"),";H",AND(Z21<>"00",Z22<>"00"),CONCATENATE(Z21,"-",AA22,"(",AA21,"-",Z22,")"),AND(Z21="00",Z22<>"00"),CONCATENATE(Z22,"-",AA22),AND(Z21<>"00",Z22="00"),CONCATENATE(Z21,"-",AA21))} -> ;H | AB23: {=_xlfn.IFS(AND(AB21="00",AB22="00"),";H",AND(AB21<>"00",AB22<>"00"),CONCATENATE(AB21,"-",AC22,"(",AC21,"-",AB22,")"),AND(AB21="00",AB22<>"00"),CONCATENATE(AB22,"-",AC22),AND(AB21<>"00",AB22="00"),CONCATENATE(AB21,"-",AC21))} -> ;H | AD23: {=_xlfn.IFS(AND(AD21="00",AD22="00"),";H",AND(AD21<>"00",AD22<>"00"),CONCATENATE(AD21,"-",AE22,"(",AE21,"-",AD22,")"),AND(AD21="00",AD22<>"00"),CONCATENATE(AD22,"-",AE22),AND(AD21<>"00",AD22="00"),CONCATENATE(AD21,"-",AE21))} -> ;H | AF23: {=_xlfn.IFS(AND(AF21="00",AF22="00"),";H",AND(AF21<>"00",AF22<>"00"),CONCATENATE(AF21,"-",AG22,"(",AG21,"-",AF22,")"),AND(AF21="00",AF22<>"00"),CONCATENATE(AF22,"-",AG22),AND(AF21<>"00",AF22="00"),CONCATENATE(AF21,"-",AG21))} -> ;H | AH23: {=_xlfn.IFS(AND(AH21="00",AH22="00"),";H",AND(AH21<>"00",AH22<>"00"),CONCATENATE(AH21,"-",AI22,"(",AI21,"-",AH22,")"),AND(AH21="00",AH22<>"00"),CONCATENATE(AH22,"-",AI22),AND(AH21<>"00",AH22="00"),CONCATENATE(AH21,"-",AI21))} -> ;H | AJ23: {=_xlfn.IFS(AND(AJ21="00",AJ22="00"),";H",AND(AJ21<>"00",AJ22<>"00"),CONCATENATE(AJ21,"-",AK22,"(",AK21,"-",AJ22,")"),AND(AJ21="00",AJ22<>"00"),CONCATENATE(AJ22,"-",AK22),AND(AJ21<>"00",AJ22="00"),CONCATENATE(AJ21,"-",AK21))} -> ;H | AL23: {=_xlfn.IFS(AND(AL21="00",AL22="00"),";H",AND(AL21<>"00",AL22<>"00"),CONCATENATE(AL21,"-",AM22,"(",AM21,"-",AL22,")"),AND(AL21="00",AL22<>"00"),CONCATENATE(AL22,"-",AM22),AND(AL21<>"00",AL22="00"),CONCATENATE(AL21,"-",AM21))} -> ;H | AN23: {=_xlfn.IFS(AND(AN21="00",AN22="00"),";H",AND(AN21<>"00",AN22<>"00"),CONCATENATE(AN21,"-",AO22,"(",AO21,"-",AN22,")"),AND(AN21="00",AN22<>"00"),CONCATENATE(AN22,"-",AO22),AND(AN21<>"00",AN22="00"),CONCATENATE(AN21,"-",AO21))} -> ;H | AP23: {=_xlfn.IFS(AND(AP21="00",AP22="00"),";H",AND(AP21<>"00",AP22<>"00"),CONCATENATE(AP21,"-",AQ22,"(",AQ21,"-",AP22,")"),AND(AP21="00",AP22<>"00"),CONCATENATE(AP22,"-",AQ22),AND(AP21<>"00",AP22="00"),CONCATENATE(AP21,"-",AQ21))} -> ;H | AR23: {=_xlfn.IFS(AND(AR21="00",AR22="00"),";H",AND(AR21<>"00",AR22<>"00"),CONCATENATE(AR21,"-",AS22,"(",AS21,"-",AR22,")"),AND(AR21="00",AR22<>"00"),CONCATENATE(AR22,"-",AS22),AND(AR21<>"00",AR22="00"),CONCATENATE(AR21,"-",AS21))} -> ;H | AT23: {=_xlfn.IFS(AND(AT21="00",AT22="00"),";H",AND(AT21<>"00",AT22<>"00"),CONCATENATE(AT21,"-",AU22,"(",AU21,"-",AT22,")"),AND(AT21="00",AT22<>"00"),CONCATENATE(AT22,"-",AU22),AND(AT21<>"00",AT22="00"),CONCATENATE(AT21,"-",AU21))} -> ;H | AV23: {=_xlfn.IFS(AND(AV21="00",AV22="00"),";H",AND(AV21<>"00",AV22<>"00"),CONCATENATE(AV21,"-",AW22,"(",AW21,"-",AV22,")"),AND(AV21="00",AV22<>"00"),CONCATENATE(AV22,"-",AW22),AND(AV21<>"00",AV22="00"),CONCATENATE(AV21,"-",AW21))} -> ;H | AX23: {=_xlfn.IFS(AND(AX21="00",AX22="00"),";H",AND(AX21<>"00",AX22<>"00"),CONCATENATE(AX21,"-",AY22,"(",AY21,"-",AX22,")"),AND(AX21="00",AX22<>"00"),CONCATENATE(AX22,"-",AY22),AND(AX21<>"00",AX22="00"),CONCATENATE(AX21,"-",AY21))} -> ;H | AZ23: {=_xlfn.IFS(AND(AZ21="00",AZ22="00"),";H",AND(AZ21<>"00",AZ22<>"00"),CONCATENATE(AZ21,"-",BA22,"(",BA21,"-",AZ22,")"),AND(AZ21="00",AZ22<>"00"),CONCATENATE(AZ22,"-",BA22),AND(AZ21<>"00",AZ22="00"),CONCATENATE(AZ21,"-",BA21))} -> ;H | BB23: {=_xlfn.IFS(AND(BB21="00",BB22="00"),";H",AND(BB21<>"00",BB22<>"00"),CONCATENATE(BB21,"-",BC22,"(",BC21,"-",BB22,")"),AND(BB21="00",BB22<>"00"),CONCATENATE(BB22,"-",BC22),AND(BB21<>"00",BB22="00"),CONCATENATE(BB21,"-",BC21))} -> ;H | BD23: {=_xlfn.IFS(AND(BD21="00",BD22="00"),";H",AND(BD21<>"00",BD22<>"00"),CONCATENATE(BD21,"-",BE22,"(",BE21,"-",BD22,")"),AND(BD21="00",BD22<>"00"),CONCATENATE(BD22,"-",BE22),AND(BD21<>"00",BD22="00"),CONCATENATE(BD21,"-",BE21))} -> ;H | BF23: {=_xlfn.IFS(AND(BF21="00",BF22="00"),";H",AND(BF21<>"00",BF22<>"00"),CONCATENATE(BF21,"-",BG22,"(",BG21,"-",BF22,")"),AND(BF21="00",BF22<>"00"),CONCATENATE(BF22,"-",BG22),AND(BF21<>"00",BF22="00"),CONCATENATE(BF21,"-",BG21))} -> ;H | BH23: {=_xlfn.IFS(AND(BH21="00",BH22="00"),";H",AND(BH21<>"00",BH22<>"00"),CONCATENATE(BH21,"-",BI22,"(",BI21,"-",BH22,")"),AND(BH21="00",BH22<>"00"),CONCATENATE(BH22,"-",BI22),AND(BH21<>"00",BH22="00"),CONCATENATE(BH21,"-",BI21))} -> ;H | BJ23: {=_xlfn.IFS(AND(BJ21="00",BJ22="00"),";H",AND(BJ21<>"00",BJ22<>"00"),CONCATENATE(BJ21,"-",BK22,"(",BK21,"-",BJ22,")"),AND(BJ21="00",BJ22<>"00"),CONCATENATE(BJ22,"-",BK22),AND(BJ21<>"00",BJ22="00"),CONCATENATE(BJ21,"-",BK21))} -> ;H | BL23: {=_xlfn.IFS(AND(BL21="00",BL22="00"),";H",AND(BL21<>"00",BL22<>"00"),CONCATENATE(BL21,"-",BM22,"(",BM21,"-",BL22,")"),AND(BL21="00",BL22<>"00"),CONCATENATE(BL22,"-",BM22),AND(BL21<>"00",BL22="00"),CONCATENATE(BL21,"-",BM21))} -> ;H
B24: =整月外場班表!B24 -> 0 | D24: =IF(MOD(整月外場班表!D24,1)=0,CONCATENATE(整月外場班表!D24,"00"),CONCATENATE(INT(整月外場班表!D24),"30")) -> 00 | E24: =IF(MOD(整月外場班表!E24,1)=0,CONCATENATE(整月外場班表!E24,"00"),CONCATENATE(INT(整月外場班表!E24),"30")) -> 00 | F24: =IF(MOD(整月外場班表!F24,1)=0,CONCATENATE(整月外場班表!F24,"00"),CONCATENATE(INT(整月外場班表!F24),"30")) -> 00 | G24: =IF(MOD(整月外場班表!G24,1)=0,CONCATENATE(整月外場班表!G24,"00"),CONCATENATE(INT(整月外場班表!G24),"30")) -> 00 | H24: =IF(MOD(整月外場班表!H24,1)=0,CONCATENATE(整月外場班表!H24,"00"),CONCATENATE(INT(整月外場班表!H24),"30")) -> 00 | I24: =IF(MOD(整月外場班表!I24,1)=0,CONCATENATE(整月外場班表!I24,"00"),CONCATENATE(INT(整月外場班表!I24),"30")) -> 00 | J24: =IF(MOD(整月外場班表!J24,1)=0,CONCATENATE(整月外場班表!J24,"00"),CONCATENATE(INT(整月外場班表!J24),"30")) -> 00 | K24: =IF(MOD(整月外場班表!K24,1)=0,CONCATENATE(整月外場班表!K24,"00"),CONCATENATE(INT(整月外場班表!K24),"30")) -> 00 | ... BM24: =IF(MOD(整月外場班表!BM24,1)=0,CONCATENATE(整月外場班表!BM24,"00"),CONCATENATE(INT(整月外場班表!BM24),"30")) -> 00
D25: =IF(MOD(整月外場班表!D25,1)=0,CONCATENATE(整月外場班表!D25,"00"),CONCATENATE(INT(整月外場班表!D25),"30")) -> 00 | E25: =IF(MOD(整月外場班表!E25,1)=0,CONCATENATE(整月外場班表!E25,"00"),CONCATENATE(INT(整月外場班表!E25),"30")) -> 00 | F25: =IF(MOD(整月外場班表!F25,1)=0,CONCATENATE(整月外場班表!F25,"00"),CONCATENATE(INT(整月外場班表!F25),"30")) -> 00 | G25: =IF(MOD(整月外場班表!G25,1)=0,CONCATENATE(整月外場班表!G25,"00"),CONCATENATE(INT(整月外場班表!G25),"30")) -> 00 | H25: =IF(MOD(整月外場班表!H25,1)=0,CONCATENATE(整月外場班表!H25,"00"),CONCATENATE(INT(整月外場班表!H25),"30")) -> 00 | I25: =IF(MOD(整月外場班表!I25,1)=0,CONCATENATE(整月外場班表!I25,"00"),CONCATENATE(INT(整月外場班表!I25),"30")) -> 00 | J25: =IF(MOD(整月外場班表!J25,1)=0,CONCATENATE(整月外場班表!J25,"00"),CONCATENATE(INT(整月外場班表!J25),"30")) -> 00 | K25: =IF(MOD(整月外場班表!K25,1)=0,CONCATENATE(整月外場班表!K25,"00"),CONCATENATE(INT(整月外場班表!K25),"30")) -> 00 | ... BM25: =IF(MOD(整月外場班表!BM25,1)=0,CONCATENATE(整月外場班表!BM25,"00"),CONCATENATE(INT(整月外場班表!BM25),"30")) -> 00
D26: {=_xlfn.IFS(AND(D24="00",D25="00"),";H",AND(D24<>"00",D25<>"00"),CONCATENATE(D24,"-",E25,"(",E24,"-",D25,")"),AND(D24="00",D25<>"00"),CONCATENATE(D25,"-",E25),AND(D24<>"00",D25="00"),CONCATENATE(D24,"-",E24))} -> ;H | F26: {=_xlfn.IFS(AND(F24="00",F25="00"),";H",AND(F24<>"00",F25<>"00"),CONCATENATE(F24,"-",G25,"(",G24,"-",F25,")"),AND(F24="00",F25<>"00"),CONCATENATE(F25,"-",G25),AND(F24<>"00",F25="00"),CONCATENATE(F24,"-",G24))} -> ;H | H26: {=_xlfn.IFS(AND(H24="00",H25="00"),";H",AND(H24<>"00",H25<>"00"),CONCATENATE(H24,"-",I25,"(",I24,"-",H25,")"),AND(H24="00",H25<>"00"),CONCATENATE(H25,"-",I25),AND(H24<>"00",H25="00"),CONCATENATE(H24,"-",I24))} -> ;H | J26: {=_xlfn.IFS(AND(J24="00",J25="00"),";H",AND(J24<>"00",J25<>"00"),CONCATENATE(J24,"-",K25,"(",K24,"-",J25,")"),AND(J24="00",J25<>"00"),CONCATENATE(J25,"-",K25),AND(J24<>"00",J25="00"),CONCATENATE(J24,"-",K24))} -> ;H | L26: {=_xlfn.IFS(AND(L24="00",L25="00"),";H",AND(L24<>"00",L25<>"00"),CONCATENATE(L24,"-",M25,"(",M24,"-",L25,")"),AND(L24="00",L25<>"00"),CONCATENATE(L25,"-",M25),AND(L24<>"00",L25="00"),CONCATENATE(L24,"-",M24))} -> ;H | N26: {=_xlfn.IFS(AND(N24="00",N25="00"),";H",AND(N24<>"00",N25<>"00"),CONCATENATE(N24,"-",O25,"(",O24,"-",N25,")"),AND(N24="00",N25<>"00"),CONCATENATE(N25,"-",O25),AND(N24<>"00",N25="00"),CONCATENATE(N24,"-",O24))} -> ;H | P26: {=_xlfn.IFS(AND(P24="00",P25="00"),";H",AND(P24<>"00",P25<>"00"),CONCATENATE(P24,"-",Q25,"(",Q24,"-",P25,")"),AND(P24="00",P25<>"00"),CONCATENATE(P25,"-",Q25),AND(P24<>"00",P25="00"),CONCATENATE(P24,"-",Q24))} -> ;H | R26: {=_xlfn.IFS(AND(R24="00",R25="00"),";H",AND(R24<>"00",R25<>"00"),CONCATENATE(R24,"-",S25,"(",S24,"-",R25,")"),AND(R24="00",R25<>"00"),CONCATENATE(R25,"-",S25),AND(R24<>"00",R25="00"),CONCATENATE(R24,"-",S24))} -> ;H | T26: {=_xlfn.IFS(AND(T24="00",T25="00"),";H",AND(T24<>"00",T25<>"00"),CONCATENATE(T24,"-",U25,"(",U24,"-",T25,")"),AND(T24="00",T25<>"00"),CONCATENATE(T25,"-",U25),AND(T24<>"00",T25="00"),CONCATENATE(T24,"-",U24))} -> ;H | V26: {=_xlfn.IFS(AND(V24="00",V25="00"),";H",AND(V24<>"00",V25<>"00"),CONCATENATE(V24,"-",W25,"(",W24,"-",V25,")"),AND(V24="00",V25<>"00"),CONCATENATE(V25,"-",W25),AND(V24<>"00",V25="00"),CONCATENATE(V24,"-",W24))} -> ;H | X26: {=_xlfn.IFS(AND(X24="00",X25="00"),";H",AND(X24<>"00",X25<>"00"),CONCATENATE(X24,"-",Y25,"(",Y24,"-",X25,")"),AND(X24="00",X25<>"00"),CONCATENATE(X25,"-",Y25),AND(X24<>"00",X25="00"),CONCATENATE(X24,"-",Y24))} -> ;H | Z26: {=_xlfn.IFS(AND(Z24="00",Z25="00"),";H",AND(Z24<>"00",Z25<>"00"),CONCATENATE(Z24,"-",AA25,"(",AA24,"-",Z25,")"),AND(Z24="00",Z25<>"00"),CONCATENATE(Z25,"-",AA25),AND(Z24<>"00",Z25="00"),CONCATENATE(Z24,"-",AA24))} -> ;H | AB26: {=_xlfn.IFS(AND(AB24="00",AB25="00"),";H",AND(AB24<>"00",AB25<>"00"),CONCATENATE(AB24,"-",AC25,"(",AC24,"-",AB25,")"),AND(AB24="00",AB25<>"00"),CONCATENATE(AB25,"-",AC25),AND(AB24<>"00",AB25="00"),CONCATENATE(AB24,"-",AC24))} -> ;H | AD26: {=_xlfn.IFS(AND(AD24="00",AD25="00"),";H",AND(AD24<>"00",AD25<>"00"),CONCATENATE(AD24,"-",AE25,"(",AE24,"-",AD25,")"),AND(AD24="00",AD25<>"00"),CONCATENATE(AD25,"-",AE25),AND(AD24<>"00",AD25="00"),CONCATENATE(AD24,"-",AE24))} -> ;H | AF26: {=_xlfn.IFS(AND(AF24="00",AF25="00"),";H",AND(AF24<>"00",AF25<>"00"),CONCATENATE(AF24,"-",AG25,"(",AG24,"-",AF25,")"),AND(AF24="00",AF25<>"00"),CONCATENATE(AF25,"-",AG25),AND(AF24<>"00",AF25="00"),CONCATENATE(AF24,"-",AG24))} -> ;H | AH26: {=_xlfn.IFS(AND(AH24="00",AH25="00"),";H",AND(AH24<>"00",AH25<>"00"),CONCATENATE(AH24,"-",AI25,"(",AI24,"-",AH25,")"),AND(AH24="00",AH25<>"00"),CONCATENATE(AH25,"-",AI25),AND(AH24<>"00",AH25="00"),CONCATENATE(AH24,"-",AI24))} -> ;H | AJ26: {=_xlfn.IFS(AND(AJ24="00",AJ25="00"),";H",AND(AJ24<>"00",AJ25<>"00"),CONCATENATE(AJ24,"-",AK25,"(",AK24,"-",AJ25,")"),AND(AJ24="00",AJ25<>"00"),CONCATENATE(AJ25,"-",AK25),AND(AJ24<>"00",AJ25="00"),CONCATENATE(AJ24,"-",AK24))} -> ;H | AL26: {=_xlfn.IFS(AND(AL24="00",AL25="00"),";H",AND(AL24<>"00",AL25<>"00"),CONCATENATE(AL24,"-",AM25,"(",AM24,"-",AL25,")"),AND(AL24="00",AL25<>"00"),CONCATENATE(AL25,"-",AM25),AND(AL24<>"00",AL25="00"),CONCATENATE(AL24,"-",AM24))} -> ;H | AN26: {=_xlfn.IFS(AND(AN24="00",AN25="00"),";H",AND(AN24<>"00",AN25<>"00"),CONCATENATE(AN24,"-",AO25,"(",AO24,"-",AN25,")"),AND(AN24="00",AN25<>"00"),CONCATENATE(AN25,"-",AO25),AND(AN24<>"00",AN25="00"),CONCATENATE(AN24,"-",AO24))} -> ;H | AP26: {=_xlfn.IFS(AND(AP24="00",AP25="00"),";H",AND(AP24<>"00",AP25<>"00"),CONCATENATE(AP24,"-",AQ25,"(",AQ24,"-",AP25,")"),AND(AP24="00",AP25<>"00"),CONCATENATE(AP25,"-",AQ25),AND(AP24<>"00",AP25="00"),CONCATENATE(AP24,"-",AQ24))} -> ;H | AR26: {=_xlfn.IFS(AND(AR24="00",AR25="00"),";H",AND(AR24<>"00",AR25<>"00"),CONCATENATE(AR24,"-",AS25,"(",AS24,"-",AR25,")"),AND(AR24="00",AR25<>"00"),CONCATENATE(AR25,"-",AS25),AND(AR24<>"00",AR25="00"),CONCATENATE(AR24,"-",AS24))} -> ;H | AT26: {=_xlfn.IFS(AND(AT24="00",AT25="00"),";H",AND(AT24<>"00",AT25<>"00"),CONCATENATE(AT24,"-",AU25,"(",AU24,"-",AT25,")"),AND(AT24="00",AT25<>"00"),CONCATENATE(AT25,"-",AU25),AND(AT24<>"00",AT25="00"),CONCATENATE(AT24,"-",AU24))} -> ;H | AV26: {=_xlfn.IFS(AND(AV24="00",AV25="00"),";H",AND(AV24<>"00",AV25<>"00"),CONCATENATE(AV24,"-",AW25,"(",AW24,"-",AV25,")"),AND(AV24="00",AV25<>"00"),CONCATENATE(AV25,"-",AW25),AND(AV24<>"00",AV25="00"),CONCATENATE(AV24,"-",AW24))} -> ;H | AX26: {=_xlfn.IFS(AND(AX24="00",AX25="00"),";H",AND(AX24<>"00",AX25<>"00"),CONCATENATE(AX24,"-",AY25,"(",AY24,"-",AX25,")"),AND(AX24="00",AX25<>"00"),CONCATENATE(AX25,"-",AY25),AND(AX24<>"00",AX25="00"),CONCATENATE(AX24,"-",AY24))} -> ;H | AZ26: {=_xlfn.IFS(AND(AZ24="00",AZ25="00"),";H",AND(AZ24<>"00",AZ25<>"00"),CONCATENATE(AZ24,"-",BA25,"(",BA24,"-",AZ25,")"),AND(AZ24="00",AZ25<>"00"),CONCATENATE(AZ25,"-",BA25),AND(AZ24<>"00",AZ25="00"),CONCATENATE(AZ24,"-",BA24))} -> ;H | BB26: {=_xlfn.IFS(AND(BB24="00",BB25="00"),";H",AND(BB24<>"00",BB25<>"00"),CONCATENATE(BB24,"-",BC25,"(",BC24,"-",BB25,")"),AND(BB24="00",BB25<>"00"),CONCATENATE(BB25,"-",BC25),AND(BB24<>"00",BB25="00"),CONCATENATE(BB24,"-",BC24))} -> ;H | BD26: {=_xlfn.IFS(AND(BD24="00",BD25="00"),";H",AND(BD24<>"00",BD25<>"00"),CONCATENATE(BD24,"-",BE25,"(",BE24,"-",BD25,")"),AND(BD24="00",BD25<>"00"),CONCATENATE(BD25,"-",BE25),AND(BD24<>"00",BD25="00"),CONCATENATE(BD24,"-",BE24))} -> ;H | BF26: {=_xlfn.IFS(AND(BF24="00",BF25="00"),";H",AND(BF24<>"00",BF25<>"00"),CONCATENATE(BF24,"-",BG25,"(",BG24,"-",BF25,")"),AND(BF24="00",BF25<>"00"),CONCATENATE(BF25,"-",BG25),AND(BF24<>"00",BF25="00"),CONCATENATE(BF24,"-",BG24))} -> ;H | BH26: {=_xlfn.IFS(AND(BH24="00",BH25="00"),";H",AND(BH24<>"00",BH25<>"00"),CONCATENATE(BH24,"-",BI25,"(",BI24,"-",BH25,")"),AND(BH24="00",BH25<>"00"),CONCATENATE(BH25,"-",BI25),AND(BH24<>"00",BH25="00"),CONCATENATE(BH24,"-",BI24))} -> ;H | BJ26: {=_xlfn.IFS(AND(BJ24="00",BJ25="00"),";H",AND(BJ24<>"00",BJ25<>"00"),CONCATENATE(BJ24,"-",BK25,"(",BK24,"-",BJ25,")"),AND(BJ24="00",BJ25<>"00"),CONCATENATE(BJ25,"-",BK25),AND(BJ24<>"00",BJ25="00"),CONCATENATE(BJ24,"-",BK24))} -> ;H | BL26: {=_xlfn.IFS(AND(BL24="00",BL25="00"),";H",AND(BL24<>"00",BL25<>"00"),CONCATENATE(BL24,"-",BM25,"(",BM24,"-",BL25,")"),AND(BL24="00",BL25<>"00"),CONCATENATE(BL25,"-",BM25),AND(BL24<>"00",BL25="00"),CONCATENATE(BL24,"-",BM24))} -> ;H
B27: =整月外場班表!B27 -> 黃先祺 | D27: =IF(MOD(整月外場班表!D27,1)=0,CONCATENATE(整月外場班表!D27,"00"),CONCATENATE(INT(整月外場班表!D27),"30")) -> 00 | E27: =IF(MOD(整月外場班表!E27,1)=0,CONCATENATE(整月外場班表!E27,"00"),CONCATENATE(INT(整月外場班表!E27),"30")) -> 00 | F27: =IF(MOD(整月外場班表!F27,1)=0,CONCATENATE(整月外場班表!F27,"00"),CONCATENATE(INT(整月外場班表!F27),"30")) -> 00 | G27: =IF(MOD(整月外場班表!G27,1)=0,CONCATENATE(整月外場班表!G27,"00"),CONCATENATE(INT(整月外場班表!G27),"30")) -> 00 | H27: =IF(MOD(整月外場班表!H27,1)=0,CONCATENATE(整月外場班表!H27,"00"),CONCATENATE(INT(整月外場班表!H27),"30")) -> 00 | I27: =IF(MOD(整月外場班表!I27,1)=0,CONCATENATE(整月外場班表!I27,"00"),CONCATENATE(INT(整月外場班表!I27),"30")) -> 00 | J27: =IF(MOD(整月外場班表!J27,1)=0,CONCATENATE(整月外場班表!J27,"00"),CONCATENATE(INT(整月外場班表!J27),"30")) -> 00 | K27: =IF(MOD(整月外場班表!K27,1)=0,CONCATENATE(整月外場班表!K27,"00"),CONCATENATE(INT(整月外場班表!K27),"30")) -> 00 | ... BM27: =IF(MOD(整月外場班表!BM27,1)=0,CONCATENATE(整月外場班表!BM27,"00"),CONCATENATE(INT(整月外場班表!BM27),"30")) -> 00
D28: =IF(MOD(整月外場班表!D28,1)=0,CONCATENATE(整月外場班表!D28,"00"),CONCATENATE(INT(整月外場班表!D28),"30")) -> 00 | E28: =IF(MOD(整月外場班表!E28,1)=0,CONCATENATE(整月外場班表!E28,"00"),CONCATENATE(INT(整月外場班表!E28),"30")) -> 00 | F28: =IF(MOD(整月外場班表!F28,1)=0,CONCATENATE(整月外場班表!F28,"00"),CONCATENATE(INT(整月外場班表!F28),"30")) -> 00 | G28: =IF(MOD(整月外場班表!G28,1)=0,CONCATENATE(整月外場班表!G28,"00"),CONCATENATE(INT(整月外場班表!G28),"30")) -> 00 | H28: =IF(MOD(整月外場班表!H28,1)=0,CONCATENATE(整月外場班表!H28,"00"),CONCATENATE(INT(整月外場班表!H28),"30")) -> 00 | I28: =IF(MOD(整月外場班表!I28,1)=0,CONCATENATE(整月外場班表!I28,"00"),CONCATENATE(INT(整月外場班表!I28),"30")) -> 00 | J28: =IF(MOD(整月外場班表!J28,1)=0,CONCATENATE(整月外場班表!J28,"00"),CONCATENATE(INT(整月外場班表!J28),"30")) -> 00 | K28: =IF(MOD(整月外場班表!K28,1)=0,CONCATENATE(整月外場班表!K28,"00"),CONCATENATE(INT(整月外場班表!K28),"30")) -> 00 | ... BM28: =IF(MOD(整月外場班表!BM28,1)=0,CONCATENATE(整月外場班表!BM28,"00"),CONCATENATE(INT(整月外場班表!BM28),"30")) -> 00
D29: {=_xlfn.IFS(AND(D27="00",D28="00"),";H",AND(D27<>"00",D28<>"00"),CONCATENATE(D27,"-",E28,"(",E27,"-",D28,")"),AND(D27="00",D28<>"00"),CONCATENATE(D28,"-",E28),AND(D27<>"00",D28="00"),CONCATENATE(D27,"-",E27))} -> ;H | F29: {=_xlfn.IFS(AND(F27="00",F28="00"),";H",AND(F27<>"00",F28<>"00"),CONCATENATE(F27,"-",G28,"(",G27,"-",F28,")"),AND(F27="00",F28<>"00"),CONCATENATE(F28,"-",G28),AND(F27<>"00",F28="00"),CONCATENATE(F27,"-",G27))} -> ;H | H29: {=_xlfn.IFS(AND(H27="00",H28="00"),";H",AND(H27<>"00",H28<>"00"),CONCATENATE(H27,"-",I28,"(",I27,"-",H28,")"),AND(H27="00",H28<>"00"),CONCATENATE(H28,"-",I28),AND(H27<>"00",H28="00"),CONCATENATE(H27,"-",I27))} -> ;H | J29: {=_xlfn.IFS(AND(J27="00",J28="00"),";H",AND(J27<>"00",J28<>"00"),CONCATENATE(J27,"-",K28,"(",K27,"-",J28,")"),AND(J27="00",J28<>"00"),CONCATENATE(J28,"-",K28),AND(J27<>"00",J28="00"),CONCATENATE(J27,"-",K27))} -> ;H | L29: {=_xlfn.IFS(AND(L27="00",L28="00"),";H",AND(L27<>"00",L28<>"00"),CONCATENATE(L27,"-",M28,"(",M27,"-",L28,")"),AND(L27="00",L28<>"00"),CONCATENATE(L28,"-",M28),AND(L27<>"00",L28="00"),CONCATENATE(L27,"-",M27))} -> ;H | N29: {=_xlfn.IFS(AND(N27="00",N28="00"),";H",AND(N27<>"00",N28<>"00"),CONCATENATE(N27,"-",O28,"(",O27,"-",N28,")"),AND(N27="00",N28<>"00"),CONCATENATE(N28,"-",O28),AND(N27<>"00",N28="00"),CONCATENATE(N27,"-",O27))} -> ;H | P29: {=_xlfn.IFS(AND(P27="00",P28="00"),";H",AND(P27<>"00",P28<>"00"),CONCATENATE(P27,"-",Q28,"(",Q27,"-",P28,")"),AND(P27="00",P28<>"00"),CONCATENATE(P28,"-",Q28),AND(P27<>"00",P28="00"),CONCATENATE(P27,"-",Q27))} -> ;H | R29: {=_xlfn.IFS(AND(R27="00",R28="00"),";H",AND(R27<>"00",R28<>"00"),CONCATENATE(R27,"-",S28,"(",S27,"-",R28,")"),AND(R27="00",R28<>"00"),CONCATENATE(R28,"-",S28),AND(R27<>"00",R28="00"),CONCATENATE(R27,"-",S27))} -> ;H | T29: {=_xlfn.IFS(AND(T27="00",T28="00"),";H",AND(T27<>"00",T28<>"00"),CONCATENATE(T27,"-",U28,"(",U27,"-",T28,")"),AND(T27="00",T28<>"00"),CONCATENATE(T28,"-",U28),AND(T27<>"00",T28="00"),CONCATENATE(T27,"-",U27))} -> ;H | V29: {=_xlfn.IFS(AND(V27="00",V28="00"),";H",AND(V27<>"00",V28<>"00"),CONCATENATE(V27,"-",W28,"(",W27,"-",V28,")"),AND(V27="00",V28<>"00"),CONCATENATE(V28,"-",W28),AND(V27<>"00",V28="00"),CONCATENATE(V27,"-",W27))} -> ;H | X29: {=_xlfn.IFS(AND(X27="00",X28="00"),";H",AND(X27<>"00",X28<>"00"),CONCATENATE(X27,"-",Y28,"(",Y27,"-",X28,")"),AND(X27="00",X28<>"00"),CONCATENATE(X28,"-",Y28),AND(X27<>"00",X28="00"),CONCATENATE(X27,"-",Y27))} -> ;H | Z29: {=_xlfn.IFS(AND(Z27="00",Z28="00"),";H",AND(Z27<>"00",Z28<>"00"),CONCATENATE(Z27,"-",AA28,"(",AA27,"-",Z28,")"),AND(Z27="00",Z28<>"00"),CONCATENATE(Z28,"-",AA28),AND(Z27<>"00",Z28="00"),CONCATENATE(Z27,"-",AA27))} -> ;H | AB29: {=_xlfn.IFS(AND(AB27="00",AB28="00"),";H",AND(AB27<>"00",AB28<>"00"),CONCATENATE(AB27,"-",AC28,"(",AC27,"-",AB28,")"),AND(AB27="00",AB28<>"00"),CONCATENATE(AB28,"-",AC28),AND(AB27<>"00",AB28="00"),CONCATENATE(AB27,"-",AC27))} -> ;H | AD29: {=_xlfn.IFS(AND(AD27="00",AD28="00"),";H",AND(AD27<>"00",AD28<>"00"),CONCATENATE(AD27,"-",AE28,"(",AE27,"-",AD28,")"),AND(AD27="00",AD28<>"00"),CONCATENATE(AD28,"-",AE28),AND(AD27<>"00",AD28="00"),CONCATENATE(AD27,"-",AE27))} -> ;H | AF29: {=_xlfn.IFS(AND(AF27="00",AF28="00"),";H",AND(AF27<>"00",AF28<>"00"),CONCATENATE(AF27,"-",AG28,"(",AG27,"-",AF28,")"),AND(AF27="00",AF28<>"00"),CONCATENATE(AF28,"-",AG28),AND(AF27<>"00",AF28="00"),CONCATENATE(AF27,"-",AG27))} -> ;H | AH29: {=_xlfn.IFS(AND(AH27="00",AH28="00"),";H",AND(AH27<>"00",AH28<>"00"),CONCATENATE(AH27,"-",AI28,"(",AI27,"-",AH28,")"),AND(AH27="00",AH28<>"00"),CONCATENATE(AH28,"-",AI28),AND(AH27<>"00",AH28="00"),CONCATENATE(AH27,"-",AI27))} -> ;H | AJ29: {=_xlfn.IFS(AND(AJ27="00",AJ28="00"),";H",AND(AJ27<>"00",AJ28<>"00"),CONCATENATE(AJ27,"-",AK28,"(",AK27,"-",AJ28,")"),AND(AJ27="00",AJ28<>"00"),CONCATENATE(AJ28,"-",AK28),AND(AJ27<>"00",AJ28="00"),CONCATENATE(AJ27,"-",AK27))} -> ;H | AL29: {=_xlfn.IFS(AND(AL27="00",AL28="00"),";H",AND(AL27<>"00",AL28<>"00"),CONCATENATE(AL27,"-",AM28,"(",AM27,"-",AL28,")"),AND(AL27="00",AL28<>"00"),CONCATENATE(AL28,"-",AM28),AND(AL27<>"00",AL28="00"),CONCATENATE(AL27,"-",AM27))} -> ;H | AN29: {=_xlfn.IFS(AND(AN27="00",AN28="00"),";H",AND(AN27<>"00",AN28<>"00"),CONCATENATE(AN27,"-",AO28,"(",AO27,"-",AN28,")"),AND(AN27="00",AN28<>"00"),CONCATENATE(AN28,"-",AO28),AND(AN27<>"00",AN28="00"),CONCATENATE(AN27,"-",AO27))} -> ;H | AP29: {=_xlfn.IFS(AND(AP27="00",AP28="00"),";H",AND(AP27<>"00",AP28<>"00"),CONCATENATE(AP27,"-",AQ28,"(",AQ27,"-",AP28,")"),AND(AP27="00",AP28<>"00"),CONCATENATE(AP28,"-",AQ28),AND(AP27<>"00",AP28="00"),CONCATENATE(AP27,"-",AQ27))} -> ;H | AR29: {=_xlfn.IFS(AND(AR27="00",AR28="00"),";H",AND(AR27<>"00",AR28<>"00"),CONCATENATE(AR27,"-",AS28,"(",AS27,"-",AR28,")"),AND(AR27="00",AR28<>"00"),CONCATENATE(AR28,"-",AS28),AND(AR27<>"00",AR28="00"),CONCATENATE(AR27,"-",AS27))} -> ;H | AT29: {=_xlfn.IFS(AND(AT27="00",AT28="00"),";H",AND(AT27<>"00",AT28<>"00"),CONCATENATE(AT27,"-",AU28,"(",AU27,"-",AT28,")"),AND(AT27="00",AT28<>"00"),CONCATENATE(AT28,"-",AU28),AND(AT27<>"00",AT28="00"),CONCATENATE(AT27,"-",AU27))} -> ;H | AV29: {=_xlfn.IFS(AND(AV27="00",AV28="00"),";H",AND(AV27<>"00",AV28<>"00"),CONCATENATE(AV27,"-",AW28,"(",AW27,"-",AV28,")"),AND(AV27="00",AV28<>"00"),CONCATENATE(AV28,"-",AW28),AND(AV27<>"00",AV28="00"),CONCATENATE(AV27,"-",AW27))} -> ;H | AX29: {=_xlfn.IFS(AND(AX27="00",AX28="00"),";H",AND(AX27<>"00",AX28<>"00"),CONCATENATE(AX27,"-",AY28,"(",AY27,"-",AX28,")"),AND(AX27="00",AX28<>"00"),CONCATENATE(AX28,"-",AY28),AND(AX27<>"00",AX28="00"),CONCATENATE(AX27,"-",AY27))} -> ;H | AZ29: {=_xlfn.IFS(AND(AZ27="00",AZ28="00"),";H",AND(AZ27<>"00",AZ28<>"00"),CONCATENATE(AZ27,"-",BA28,"(",BA27,"-",AZ28,")"),AND(AZ27="00",AZ28<>"00"),CONCATENATE(AZ28,"-",BA28),AND(AZ27<>"00",AZ28="00"),CONCATENATE(AZ27,"-",BA27))} -> ;H | BB29: {=_xlfn.IFS(AND(BB27="00",BB28="00"),";H",AND(BB27<>"00",BB28<>"00"),CONCATENATE(BB27,"-",BC28,"(",BC27,"-",BB28,")"),AND(BB27="00",BB28<>"00"),CONCATENATE(BB28,"-",BC28),AND(BB27<>"00",BB28="00"),CONCATENATE(BB27,"-",BC27))} -> ;H | BD29: {=_xlfn.IFS(AND(BD27="00",BD28="00"),";H",AND(BD27<>"00",BD28<>"00"),CONCATENATE(BD27,"-",BE28,"(",BE27,"-",BD28,")"),AND(BD27="00",BD28<>"00"),CONCATENATE(BD28,"-",BE28),AND(BD27<>"00",BD28="00"),CONCATENATE(BD27,"-",BE27))} -> ;H | BF29: {=_xlfn.IFS(AND(BF27="00",BF28="00"),";H",AND(BF27<>"00",BF28<>"00"),CONCATENATE(BF27,"-",BG28,"(",BG27,"-",BF28,")"),AND(BF27="00",BF28<>"00"),CONCATENATE(BF28,"-",BG28),AND(BF27<>"00",BF28="00"),CONCATENATE(BF27,"-",BG27))} -> ;H | BH29: {=_xlfn.IFS(AND(BH27="00",BH28="00"),";H",AND(BH27<>"00",BH28<>"00"),CONCATENATE(BH27,"-",BI28,"(",BI27,"-",BH28,")"),AND(BH27="00",BH28<>"00"),CONCATENATE(BH28,"-",BI28),AND(BH27<>"00",BH28="00"),CONCATENATE(BH27,"-",BI27))} -> ;H | BJ29: {=_xlfn.IFS(AND(BJ27="00",BJ28="00"),";H",AND(BJ27<>"00",BJ28<>"00"),CONCATENATE(BJ27,"-",BK28,"(",BK27,"-",BJ28,")"),AND(BJ27="00",BJ28<>"00"),CONCATENATE(BJ28,"-",BK28),AND(BJ27<>"00",BJ28="00"),CONCATENATE(BJ27,"-",BK27))} -> ;H | BL29: {=_xlfn.IFS(AND(BL27="00",BL28="00"),";H",AND(BL27<>"00",BL28<>"00"),CONCATENATE(BL27,"-",BM28,"(",BM27,"-",BL28,")"),AND(BL27="00",BL28<>"00"),CONCATENATE(BL28,"-",BM28),AND(BL27<>"00",BL28="00"),CONCATENATE(BL27,"-",BM27))} -> ;H
B30: =整月外場班表!B30 -> 0 | D30: =IF(MOD(整月外場班表!D30,1)=0,CONCATENATE(整月外場班表!D30,"00"),CONCATENATE(INT(整月外場班表!D30),"30")) -> 00 | E30: =IF(MOD(整月外場班表!E30,1)=0,CONCATENATE(整月外場班表!E30,"00"),CONCATENATE(INT(整月外場班表!E30),"30")) -> 00 | F30: =IF(MOD(整月外場班表!F30,1)=0,CONCATENATE(整月外場班表!F30,"00"),CONCATENATE(INT(整月外場班表!F30),"30")) -> 00 | G30: =IF(MOD(整月外場班表!G30,1)=0,CONCATENATE(整月外場班表!G30,"00"),CONCATENATE(INT(整月外場班表!G30),"30")) -> 00 | H30: =IF(MOD(整月外場班表!H30,1)=0,CONCATENATE(整月外場班表!H30,"00"),CONCATENATE(INT(整月外場班表!H30),"30")) -> 00 | I30: =IF(MOD(整月外場班表!I30,1)=0,CONCATENATE(整月外場班表!I30,"00"),CONCATENATE(INT(整月外場班表!I30),"30")) -> 00 | J30: =IF(MOD(整月外場班表!J30,1)=0,CONCATENATE(整月外場班表!J30,"00"),CONCATENATE(INT(整月外場班表!J30),"30")) -> 00 | K30: =IF(MOD(整月外場班表!K30,1)=0,CONCATENATE(整月外場班表!K30,"00"),CONCATENATE(INT(整月外場班表!K30),"30")) -> 00 | ... BM30: =IF(MOD(整月外場班表!BM30,1)=0,CONCATENATE(整月外場班表!BM30,"00"),CONCATENATE(INT(整月外場班表!BM30),"30")) -> 00
D31: =IF(MOD(整月外場班表!D31,1)=0,CONCATENATE(整月外場班表!D31,"00"),CONCATENATE(INT(整月外場班表!D31),"30")) -> 00 | E31: =IF(MOD(整月外場班表!E31,1)=0,CONCATENATE(整月外場班表!E31,"00"),CONCATENATE(INT(整月外場班表!E31),"30")) -> 00 | F31: =IF(MOD(整月外場班表!F31,1)=0,CONCATENATE(整月外場班表!F31,"00"),CONCATENATE(INT(整月外場班表!F31),"30")) -> 00 | G31: =IF(MOD(整月外場班表!G31,1)=0,CONCATENATE(整月外場班表!G31,"00"),CONCATENATE(INT(整月外場班表!G31),"30")) -> 00 | H31: =IF(MOD(整月外場班表!H31,1)=0,CONCATENATE(整月外場班表!H31,"00"),CONCATENATE(INT(整月外場班表!H31),"30")) -> 00 | I31: =IF(MOD(整月外場班表!I31,1)=0,CONCATENATE(整月外場班表!I31,"00"),CONCATENATE(INT(整月外場班表!I31),"30")) -> 00 | J31: =IF(MOD(整月外場班表!J31,1)=0,CONCATENATE(整月外場班表!J31,"00"),CONCATENATE(INT(整月外場班表!J31),"30")) -> 00 | K31: =IF(MOD(整月外場班表!K31,1)=0,CONCATENATE(整月外場班表!K31,"00"),CONCATENATE(INT(整月外場班表!K31),"30")) -> 00 | ... BM31: =IF(MOD(整月外場班表!BM31,1)=0,CONCATENATE(整月外場班表!BM31,"00"),CONCATENATE(INT(整月外場班表!BM31),"30")) -> 00
D32: {=_xlfn.IFS(AND(D30="00",D31="00"),";H",AND(D30<>"00",D31<>"00"),CONCATENATE(D30,"-",E31,"(",E30,"-",D31,")"),AND(D30="00",D31<>"00"),CONCATENATE(D31,"-",E31),AND(D30<>"00",D31="00"),CONCATENATE(D30,"-",E30))} -> ;H | F32: {=_xlfn.IFS(AND(F30="00",F31="00"),";H",AND(F30<>"00",F31<>"00"),CONCATENATE(F30,"-",G31,"(",G30,"-",F31,")"),AND(F30="00",F31<>"00"),CONCATENATE(F31,"-",G31),AND(F30<>"00",F31="00"),CONCATENATE(F30,"-",G30))} -> ;H | H32: {=_xlfn.IFS(AND(H30="00",H31="00"),";H",AND(H30<>"00",H31<>"00"),CONCATENATE(H30,"-",I31,"(",I30,"-",H31,")"),AND(H30="00",H31<>"00"),CONCATENATE(H31,"-",I31),AND(H30<>"00",H31="00"),CONCATENATE(H30,"-",I30))} -> ;H | J32: {=_xlfn.IFS(AND(J30="00",J31="00"),";H",AND(J30<>"00",J31<>"00"),CONCATENATE(J30,"-",K31,"(",K30,"-",J31,")"),AND(J30="00",J31<>"00"),CONCATENATE(J31,"-",K31),AND(J30<>"00",J31="00"),CONCATENATE(J30,"-",K30))} -> ;H | L32: {=_xlfn.IFS(AND(L30="00",L31="00"),";H",AND(L30<>"00",L31<>"00"),CONCATENATE(L30,"-",M31,"(",M30,"-",L31,")"),AND(L30="00",L31<>"00"),CONCATENATE(L31,"-",M31),AND(L30<>"00",L31="00"),CONCATENATE(L30,"-",M30))} -> ;H | N32: {=_xlfn.IFS(AND(N30="00",N31="00"),";H",AND(N30<>"00",N31<>"00"),CONCATENATE(N30,"-",O31,"(",O30,"-",N31,")"),AND(N30="00",N31<>"00"),CONCATENATE(N31,"-",O31),AND(N30<>"00",N31="00"),CONCATENATE(N30,"-",O30))} -> ;H | P32: {=_xlfn.IFS(AND(P30="00",P31="00"),";H",AND(P30<>"00",P31<>"00"),CONCATENATE(P30,"-",Q31,"(",Q30,"-",P31,")"),AND(P30="00",P31<>"00"),CONCATENATE(P31,"-",Q31),AND(P30<>"00",P31="00"),CONCATENATE(P30,"-",Q30))} -> ;H | R32: {=_xlfn.IFS(AND(R30="00",R31="00"),";H",AND(R30<>"00",R31<>"00"),CONCATENATE(R30,"-",S31,"(",S30,"-",R31,")"),AND(R30="00",R31<>"00"),CONCATENATE(R31,"-",S31),AND(R30<>"00",R31="00"),CONCATENATE(R30,"-",S30))} -> ;H | T32: {=_xlfn.IFS(AND(T30="00",T31="00"),";H",AND(T30<>"00",T31<>"00"),CONCATENATE(T30,"-",U31,"(",U30,"-",T31,")"),AND(T30="00",T31<>"00"),CONCATENATE(T31,"-",U31),AND(T30<>"00",T31="00"),CONCATENATE(T30,"-",U30))} -> ;H | V32: {=_xlfn.IFS(AND(V30="00",V31="00"),";H",AND(V30<>"00",V31<>"00"),CONCATENATE(V30,"-",W31,"(",W30,"-",V31,")"),AND(V30="00",V31<>"00"),CONCATENATE(V31,"-",W31),AND(V30<>"00",V31="00"),CONCATENATE(V30,"-",W30))} -> ;H | X32: {=_xlfn.IFS(AND(X30="00",X31="00"),";H",AND(X30<>"00",X31<>"00"),CONCATENATE(X30,"-",Y31,"(",Y30,"-",X31,")"),AND(X30="00",X31<>"00"),CONCATENATE(X31,"-",Y31),AND(X30<>"00",X31="00"),CONCATENATE(X30,"-",Y30))} -> ;H | Z32: {=_xlfn.IFS(AND(Z30="00",Z31="00"),";H",AND(Z30<>"00",Z31<>"00"),CONCATENATE(Z30,"-",AA31,"(",AA30,"-",Z31,")"),AND(Z30="00",Z31<>"00"),CONCATENATE(Z31,"-",AA31),AND(Z30<>"00",Z31="00"),CONCATENATE(Z30,"-",AA30))} -> ;H | AB32: {=_xlfn.IFS(AND(AB30="00",AB31="00"),";H",AND(AB30<>"00",AB31<>"00"),CONCATENATE(AB30,"-",AC31,"(",AC30,"-",AB31,")"),AND(AB30="00",AB31<>"00"),CONCATENATE(AB31,"-",AC31),AND(AB30<>"00",AB31="00"),CONCATENATE(AB30,"-",AC30))} -> ;H | AD32: {=_xlfn.IFS(AND(AD30="00",AD31="00"),";H",AND(AD30<>"00",AD31<>"00"),CONCATENATE(AD30,"-",AE31,"(",AE30,"-",AD31,")"),AND(AD30="00",AD31<>"00"),CONCATENATE(AD31,"-",AE31),AND(AD30<>"00",AD31="00"),CONCATENATE(AD30,"-",AE30))} -> ;H | AF32: {=_xlfn.IFS(AND(AF30="00",AF31="00"),";H",AND(AF30<>"00",AF31<>"00"),CONCATENATE(AF30,"-",AG31,"(",AG30,"-",AF31,")"),AND(AF30="00",AF31<>"00"),CONCATENATE(AF31,"-",AG31),AND(AF30<>"00",AF31="00"),CONCATENATE(AF30,"-",AG30))} -> ;H | AH32: {=_xlfn.IFS(AND(AH30="00",AH31="00"),";H",AND(AH30<>"00",AH31<>"00"),CONCATENATE(AH30,"-",AI31,"(",AI30,"-",AH31,")"),AND(AH30="00",AH31<>"00"),CONCATENATE(AH31,"-",AI31),AND(AH30<>"00",AH31="00"),CONCATENATE(AH30,"-",AI30))} -> ;H | AJ32: {=_xlfn.IFS(AND(AJ30="00",AJ31="00"),";H",AND(AJ30<>"00",AJ31<>"00"),CONCATENATE(AJ30,"-",AK31,"(",AK30,"-",AJ31,")"),AND(AJ30="00",AJ31<>"00"),CONCATENATE(AJ31,"-",AK31),AND(AJ30<>"00",AJ31="00"),CONCATENATE(AJ30,"-",AK30))} -> ;H | AL32: {=_xlfn.IFS(AND(AL30="00",AL31="00"),";H",AND(AL30<>"00",AL31<>"00"),CONCATENATE(AL30,"-",AM31,"(",AM30,"-",AL31,")"),AND(AL30="00",AL31<>"00"),CONCATENATE(AL31,"-",AM31),AND(AL30<>"00",AL31="00"),CONCATENATE(AL30,"-",AM30))} -> ;H | AN32: {=_xlfn.IFS(AND(AN30="00",AN31="00"),";H",AND(AN30<>"00",AN31<>"00"),CONCATENATE(AN30,"-",AO31,"(",AO30,"-",AN31,")"),AND(AN30="00",AN31<>"00"),CONCATENATE(AN31,"-",AO31),AND(AN30<>"00",AN31="00"),CONCATENATE(AN30,"-",AO30))} -> ;H | AP32: {=_xlfn.IFS(AND(AP30="00",AP31="00"),";H",AND(AP30<>"00",AP31<>"00"),CONCATENATE(AP30,"-",AQ31,"(",AQ30,"-",AP31,")"),AND(AP30="00",AP31<>"00"),CONCATENATE(AP31,"-",AQ31),AND(AP30<>"00",AP31="00"),CONCATENATE(AP30,"-",AQ30))} -> ;H | AR32: {=_xlfn.IFS(AND(AR30="00",AR31="00"),";H",AND(AR30<>"00",AR31<>"00"),CONCATENATE(AR30,"-",AS31,"(",AS30,"-",AR31,")"),AND(AR30="00",AR31<>"00"),CONCATENATE(AR31,"-",AS31),AND(AR30<>"00",AR31="00"),CONCATENATE(AR30,"-",AS30))} -> ;H | AT32: {=_xlfn.IFS(AND(AT30="00",AT31="00"),";H",AND(AT30<>"00",AT31<>"00"),CONCATENATE(AT30,"-",AU31,"(",AU30,"-",AT31,")"),AND(AT30="00",AT31<>"00"),CONCATENATE(AT31,"-",AU31),AND(AT30<>"00",AT31="00"),CONCATENATE(AT30,"-",AU30))} -> ;H | AV32: {=_xlfn.IFS(AND(AV30="00",AV31="00"),";H",AND(AV30<>"00",AV31<>"00"),CONCATENATE(AV30,"-",AW31,"(",AW30,"-",AV31,")"),AND(AV30="00",AV31<>"00"),CONCATENATE(AV31,"-",AW31),AND(AV30<>"00",AV31="00"),CONCATENATE(AV30,"-",AW30))} -> ;H | AX32: {=_xlfn.IFS(AND(AX30="00",AX31="00"),";H",AND(AX30<>"00",AX31<>"00"),CONCATENATE(AX30,"-",AY31,"(",AY30,"-",AX31,")"),AND(AX30="00",AX31<>"00"),CONCATENATE(AX31,"-",AY31),AND(AX30<>"00",AX31="00"),CONCATENATE(AX30,"-",AY30))} -> ;H | AZ32: {=_xlfn.IFS(AND(AZ30="00",AZ31="00"),";H",AND(AZ30<>"00",AZ31<>"00"),CONCATENATE(AZ30,"-",BA31,"(",BA30,"-",AZ31,")"),AND(AZ30="00",AZ31<>"00"),CONCATENATE(AZ31,"-",BA31),AND(AZ30<>"00",AZ31="00"),CONCATENATE(AZ30,"-",BA30))} -> ;H | BB32: {=_xlfn.IFS(AND(BB30="00",BB31="00"),";H",AND(BB30<>"00",BB31<>"00"),CONCATENATE(BB30,"-",BC31,"(",BC30,"-",BB31,")"),AND(BB30="00",BB31<>"00"),CONCATENATE(BB31,"-",BC31),AND(BB30<>"00",BB31="00"),CONCATENATE(BB30,"-",BC30))} -> ;H | BD32: {=_xlfn.IFS(AND(BD30="00",BD31="00"),";H",AND(BD30<>"00",BD31<>"00"),CONCATENATE(BD30,"-",BE31,"(",BE30,"-",BD31,")"),AND(BD30="00",BD31<>"00"),CONCATENATE(BD31,"-",BE31),AND(BD30<>"00",BD31="00"),CONCATENATE(BD30,"-",BE30))} -> ;H | BF32: {=_xlfn.IFS(AND(BF30="00",BF31="00"),";H",AND(BF30<>"00",BF31<>"00"),CONCATENATE(BF30,"-",BG31,"(",BG30,"-",BF31,")"),AND(BF30="00",BF31<>"00"),CONCATENATE(BF31,"-",BG31),AND(BF30<>"00",BF31="00"),CONCATENATE(BF30,"-",BG30))} -> ;H | BH32: {=_xlfn.IFS(AND(BH30="00",BH31="00"),";H",AND(BH30<>"00",BH31<>"00"),CONCATENATE(BH30,"-",BI31,"(",BI30,"-",BH31,")"),AND(BH30="00",BH31<>"00"),CONCATENATE(BH31,"-",BI31),AND(BH30<>"00",BH31="00"),CONCATENATE(BH30,"-",BI30))} -> ;H | BJ32: {=_xlfn.IFS(AND(BJ30="00",BJ31="00"),";H",AND(BJ30<>"00",BJ31<>"00"),CONCATENATE(BJ30,"-",BK31,"(",BK30,"-",BJ31,")"),AND(BJ30="00",BJ31<>"00"),CONCATENATE(BJ31,"-",BK31),AND(BJ30<>"00",BJ31="00"),CONCATENATE(BJ30,"-",BK30))} -> ;H | BL32: {=_xlfn.IFS(AND(BL30="00",BL31="00"),";H",AND(BL30<>"00",BL31<>"00"),CONCATENATE(BL30,"-",BM31,"(",BM30,"-",BL31,")"),AND(BL30="00",BL31<>"00"),CONCATENATE(BL31,"-",BM31),AND(BL30<>"00",BL31="00"),CONCATENATE(BL30,"-",BM30))} -> ;H
B33: =整月外場班表!B33 -> 0 | D33: =IF(MOD(整月外場班表!D33,1)=0,CONCATENATE(整月外場班表!D33,"00"),CONCATENATE(INT(整月外場班表!D33),"30")) -> 00 | E33: =IF(MOD(整月外場班表!E33,1)=0,CONCATENATE(整月外場班表!E33,"00"),CONCATENATE(INT(整月外場班表!E33),"30")) -> 00 | F33: =IF(MOD(整月外場班表!F33,1)=0,CONCATENATE(整月外場班表!F33,"00"),CONCATENATE(INT(整月外場班表!F33),"30")) -> 00 | G33: =IF(MOD(整月外場班表!G33,1)=0,CONCATENATE(整月外場班表!G33,"00"),CONCATENATE(INT(整月外場班表!G33),"30")) -> 00 | H33: =IF(MOD(整月外場班表!H33,1)=0,CONCATENATE(整月外場班表!H33,"00"),CONCATENATE(INT(整月外場班表!H33),"30")) -> 00 | I33: =IF(MOD(整月外場班表!I33,1)=0,CONCATENATE(整月外場班表!I33,"00"),CONCATENATE(INT(整月外場班表!I33),"30")) -> 00 | J33: =IF(MOD(整月外場班表!J33,1)=0,CONCATENATE(整月外場班表!J33,"00"),CONCATENATE(INT(整月外場班表!J33),"30")) -> 00 | K33: =IF(MOD(整月外場班表!K33,1)=0,CONCATENATE(整月外場班表!K33,"00"),CONCATENATE(INT(整月外場班表!K33),"30")) -> 00 | ... BM33: =IF(MOD(整月外場班表!BM33,1)=0,CONCATENATE(整月外場班表!BM33,"00"),CONCATENATE(INT(整月外場班表!BM33),"30")) -> 00
D34: =IF(MOD(整月外場班表!D34,1)=0,CONCATENATE(整月外場班表!D34,"00"),CONCATENATE(INT(整月外場班表!D34),"30")) -> 00 | E34: =IF(MOD(整月外場班表!E34,1)=0,CONCATENATE(整月外場班表!E34,"00"),CONCATENATE(INT(整月外場班表!E34),"30")) -> 00 | F34: =IF(MOD(整月外場班表!F34,1)=0,CONCATENATE(整月外場班表!F34,"00"),CONCATENATE(INT(整月外場班表!F34),"30")) -> 00 | G34: =IF(MOD(整月外場班表!G34,1)=0,CONCATENATE(整月外場班表!G34,"00"),CONCATENATE(INT(整月外場班表!G34),"30")) -> 00 | H34: =IF(MOD(整月外場班表!H34,1)=0,CONCATENATE(整月外場班表!H34,"00"),CONCATENATE(INT(整月外場班表!H34),"30")) -> 00 | I34: =IF(MOD(整月外場班表!I34,1)=0,CONCATENATE(整月外場班表!I34,"00"),CONCATENATE(INT(整月外場班表!I34),"30")) -> 00 | J34: =IF(MOD(整月外場班表!J34,1)=0,CONCATENATE(整月外場班表!J34,"00"),CONCATENATE(INT(整月外場班表!J34),"30")) -> 00 | K34: =IF(MOD(整月外場班表!K34,1)=0,CONCATENATE(整月外場班表!K34,"00"),CONCATENATE(INT(整月外場班表!K34),"30")) -> 00 | ... BM34: =IF(MOD(整月外場班表!BM34,1)=0,CONCATENATE(整月外場班表!BM34,"00"),CONCATENATE(INT(整月外場班表!BM34),"30")) -> 00
D35: {=_xlfn.IFS(AND(D33="00",D34="00"),";H",AND(D33<>"00",D34<>"00"),CONCATENATE(D33,"-",E34,"(",E33,"-",D34,")"),AND(D33="00",D34<>"00"),CONCATENATE(D34,"-",E34),AND(D33<>"00",D34="00"),CONCATENATE(D33,"-",E33))} -> ;H | F35: {=_xlfn.IFS(AND(F33="00",F34="00"),";H",AND(F33<>"00",F34<>"00"),CONCATENATE(F33,"-",G34,"(",G33,"-",F34,")"),AND(F33="00",F34<>"00"),CONCATENATE(F34,"-",G34),AND(F33<>"00",F34="00"),CONCATENATE(F33,"-",G33))} -> ;H | H35: {=_xlfn.IFS(AND(H33="00",H34="00"),";H",AND(H33<>"00",H34<>"00"),CONCATENATE(H33,"-",I34,"(",I33,"-",H34,")"),AND(H33="00",H34<>"00"),CONCATENATE(H34,"-",I34),AND(H33<>"00",H34="00"),CONCATENATE(H33,"-",I33))} -> ;H | J35: {=_xlfn.IFS(AND(J33="00",J34="00"),";H",AND(J33<>"00",J34<>"00"),CONCATENATE(J33,"-",K34,"(",K33,"-",J34,")"),AND(J33="00",J34<>"00"),CONCATENATE(J34,"-",K34),AND(J33<>"00",J34="00"),CONCATENATE(J33,"-",K33))} -> ;H | L35: {=_xlfn.IFS(AND(L33="00",L34="00"),";H",AND(L33<>"00",L34<>"00"),CONCATENATE(L33,"-",M34,"(",M33,"-",L34,")"),AND(L33="00",L34<>"00"),CONCATENATE(L34,"-",M34),AND(L33<>"00",L34="00"),CONCATENATE(L33,"-",M33))} -> ;H | N35: {=_xlfn.IFS(AND(N33="00",N34="00"),";H",AND(N33<>"00",N34<>"00"),CONCATENATE(N33,"-",O34,"(",O33,"-",N34,")"),AND(N33="00",N34<>"00"),CONCATENATE(N34,"-",O34),AND(N33<>"00",N34="00"),CONCATENATE(N33,"-",O33))} -> ;H | P35: {=_xlfn.IFS(AND(P33="00",P34="00"),";H",AND(P33<>"00",P34<>"00"),CONCATENATE(P33,"-",Q34,"(",Q33,"-",P34,")"),AND(P33="00",P34<>"00"),CONCATENATE(P34,"-",Q34),AND(P33<>"00",P34="00"),CONCATENATE(P33,"-",Q33))} -> ;H | R35: {=_xlfn.IFS(AND(R33="00",R34="00"),";H",AND(R33<>"00",R34<>"00"),CONCATENATE(R33,"-",S34,"(",S33,"-",R34,")"),AND(R33="00",R34<>"00"),CONCATENATE(R34,"-",S34),AND(R33<>"00",R34="00"),CONCATENATE(R33,"-",S33))} -> ;H | T35: {=_xlfn.IFS(AND(T33="00",T34="00"),";H",AND(T33<>"00",T34<>"00"),CONCATENATE(T33,"-",U34,"(",U33,"-",T34,")"),AND(T33="00",T34<>"00"),CONCATENATE(T34,"-",U34),AND(T33<>"00",T34="00"),CONCATENATE(T33,"-",U33))} -> ;H | V35: {=_xlfn.IFS(AND(V33="00",V34="00"),";H",AND(V33<>"00",V34<>"00"),CONCATENATE(V33,"-",W34,"(",W33,"-",V34,")"),AND(V33="00",V34<>"00"),CONCATENATE(V34,"-",W34),AND(V33<>"00",V34="00"),CONCATENATE(V33,"-",W33))} -> ;H | X35: {=_xlfn.IFS(AND(X33="00",X34="00"),";H",AND(X33<>"00",X34<>"00"),CONCATENATE(X33,"-",Y34,"(",Y33,"-",X34,")"),AND(X33="00",X34<>"00"),CONCATENATE(X34,"-",Y34),AND(X33<>"00",X34="00"),CONCATENATE(X33,"-",Y33))} -> ;H | Z35: {=_xlfn.IFS(AND(Z33="00",Z34="00"),";H",AND(Z33<>"00",Z34<>"00"),CONCATENATE(Z33,"-",AA34,"(",AA33,"-",Z34,")"),AND(Z33="00",Z34<>"00"),CONCATENATE(Z34,"-",AA34),AND(Z33<>"00",Z34="00"),CONCATENATE(Z33,"-",AA33))} -> ;H | AB35: {=_xlfn.IFS(AND(AB33="00",AB34="00"),";H",AND(AB33<>"00",AB34<>"00"),CONCATENATE(AB33,"-",AC34,"(",AC33,"-",AB34,")"),AND(AB33="00",AB34<>"00"),CONCATENATE(AB34,"-",AC34),AND(AB33<>"00",AB34="00"),CONCATENATE(AB33,"-",AC33))} -> ;H | AD35: {=_xlfn.IFS(AND(AD33="00",AD34="00"),";H",AND(AD33<>"00",AD34<>"00"),CONCATENATE(AD33,"-",AE34,"(",AE33,"-",AD34,")"),AND(AD33="00",AD34<>"00"),CONCATENATE(AD34,"-",AE34),AND(AD33<>"00",AD34="00"),CONCATENATE(AD33,"-",AE33))} -> ;H | AF35: {=_xlfn.IFS(AND(AF33="00",AF34="00"),";H",AND(AF33<>"00",AF34<>"00"),CONCATENATE(AF33,"-",AG34,"(",AG33,"-",AF34,")"),AND(AF33="00",AF34<>"00"),CONCATENATE(AF34,"-",AG34),AND(AF33<>"00",AF34="00"),CONCATENATE(AF33,"-",AG33))} -> ;H | AH35: {=_xlfn.IFS(AND(AH33="00",AH34="00"),";H",AND(AH33<>"00",AH34<>"00"),CONCATENATE(AH33,"-",AI34,"(",AI33,"-",AH34,")"),AND(AH33="00",AH34<>"00"),CONCATENATE(AH34,"-",AI34),AND(AH33<>"00",AH34="00"),CONCATENATE(AH33,"-",AI33))} -> ;H | AJ35: {=_xlfn.IFS(AND(AJ33="00",AJ34="00"),";H",AND(AJ33<>"00",AJ34<>"00"),CONCATENATE(AJ33,"-",AK34,"(",AK33,"-",AJ34,")"),AND(AJ33="00",AJ34<>"00"),CONCATENATE(AJ34,"-",AK34),AND(AJ33<>"00",AJ34="00"),CONCATENATE(AJ33,"-",AK33))} -> ;H | AL35: {=_xlfn.IFS(AND(AL33="00",AL34="00"),";H",AND(AL33<>"00",AL34<>"00"),CONCATENATE(AL33,"-",AM34,"(",AM33,"-",AL34,")"),AND(AL33="00",AL34<>"00"),CONCATENATE(AL34,"-",AM34),AND(AL33<>"00",AL34="00"),CONCATENATE(AL33,"-",AM33))} -> ;H | AN35: {=_xlfn.IFS(AND(AN33="00",AN34="00"),";H",AND(AN33<>"00",AN34<>"00"),CONCATENATE(AN33,"-",AO34,"(",AO33,"-",AN34,")"),AND(AN33="00",AN34<>"00"),CONCATENATE(AN34,"-",AO34),AND(AN33<>"00",AN34="00"),CONCATENATE(AN33,"-",AO33))} -> ;H | AP35: {=_xlfn.IFS(AND(AP33="00",AP34="00"),";H",AND(AP33<>"00",AP34<>"00"),CONCATENATE(AP33,"-",AQ34,"(",AQ33,"-",AP34,")"),AND(AP33="00",AP34<>"00"),CONCATENATE(AP34,"-",AQ34),AND(AP33<>"00",AP34="00"),CONCATENATE(AP33,"-",AQ33))} -> ;H | AR35: {=_xlfn.IFS(AND(AR33="00",AR34="00"),";H",AND(AR33<>"00",AR34<>"00"),CONCATENATE(AR33,"-",AS34,"(",AS33,"-",AR34,")"),AND(AR33="00",AR34<>"00"),CONCATENATE(AR34,"-",AS34),AND(AR33<>"00",AR34="00"),CONCATENATE(AR33,"-",AS33))} -> ;H | AT35: {=_xlfn.IFS(AND(AT33="00",AT34="00"),";H",AND(AT33<>"00",AT34<>"00"),CONCATENATE(AT33,"-",AU34,"(",AU33,"-",AT34,")"),AND(AT33="00",AT34<>"00"),CONCATENATE(AT34,"-",AU34),AND(AT33<>"00",AT34="00"),CONCATENATE(AT33,"-",AU33))} -> ;H | AV35: {=_xlfn.IFS(AND(AV33="00",AV34="00"),";H",AND(AV33<>"00",AV34<>"00"),CONCATENATE(AV33,"-",AW34,"(",AW33,"-",AV34,")"),AND(AV33="00",AV34<>"00"),CONCATENATE(AV34,"-",AW34),AND(AV33<>"00",AV34="00"),CONCATENATE(AV33,"-",AW33))} -> ;H | AX35: {=_xlfn.IFS(AND(AX33="00",AX34="00"),";H",AND(AX33<>"00",AX34<>"00"),CONCATENATE(AX33,"-",AY34,"(",AY33,"-",AX34,")"),AND(AX33="00",AX34<>"00"),CONCATENATE(AX34,"-",AY34),AND(AX33<>"00",AX34="00"),CONCATENATE(AX33,"-",AY33))} -> ;H | AZ35: {=_xlfn.IFS(AND(AZ33="00",AZ34="00"),";H",AND(AZ33<>"00",AZ34<>"00"),CONCATENATE(AZ33,"-",BA34,"(",BA33,"-",AZ34,")"),AND(AZ33="00",AZ34<>"00"),CONCATENATE(AZ34,"-",BA34),AND(AZ33<>"00",AZ34="00"),CONCATENATE(AZ33,"-",BA33))} -> ;H | BB35: {=_xlfn.IFS(AND(BB33="00",BB34="00"),";H",AND(BB33<>"00",BB34<>"00"),CONCATENATE(BB33,"-",BC34,"(",BC33,"-",BB34,")"),AND(BB33="00",BB34<>"00"),CONCATENATE(BB34,"-",BC34),AND(BB33<>"00",BB34="00"),CONCATENATE(BB33,"-",BC33))} -> ;H | BD35: {=_xlfn.IFS(AND(BD33="00",BD34="00"),";H",AND(BD33<>"00",BD34<>"00"),CONCATENATE(BD33,"-",BE34,"(",BE33,"-",BD34,")"),AND(BD33="00",BD34<>"00"),CONCATENATE(BD34,"-",BE34),AND(BD33<>"00",BD34="00"),CONCATENATE(BD33,"-",BE33))} -> ;H | BF35: {=_xlfn.IFS(AND(BF33="00",BF34="00"),";H",AND(BF33<>"00",BF34<>"00"),CONCATENATE(BF33,"-",BG34,"(",BG33,"-",BF34,")"),AND(BF33="00",BF34<>"00"),CONCATENATE(BF34,"-",BG34),AND(BF33<>"00",BF34="00"),CONCATENATE(BF33,"-",BG33))} -> ;H | BH35: {=_xlfn.IFS(AND(BH33="00",BH34="00"),";H",AND(BH33<>"00",BH34<>"00"),CONCATENATE(BH33,"-",BI34,"(",BI33,"-",BH34,")"),AND(BH33="00",BH34<>"00"),CONCATENATE(BH34,"-",BI34),AND(BH33<>"00",BH34="00"),CONCATENATE(BH33,"-",BI33))} -> ;H | BJ35: {=_xlfn.IFS(AND(BJ33="00",BJ34="00"),";H",AND(BJ33<>"00",BJ34<>"00"),CONCATENATE(BJ33,"-",BK34,"(",BK33,"-",BJ34,")"),AND(BJ33="00",BJ34<>"00"),CONCATENATE(BJ34,"-",BK34),AND(BJ33<>"00",BJ34="00"),CONCATENATE(BJ33,"-",BK33))} -> ;H | BL35: {=_xlfn.IFS(AND(BL33="00",BL34="00"),";H",AND(BL33<>"00",BL34<>"00"),CONCATENATE(BL33,"-",BM34,"(",BM33,"-",BL34,")"),AND(BL33="00",BL34<>"00"),CONCATENATE(BL34,"-",BM34),AND(BL33<>"00",BL34="00"),CONCATENATE(BL33,"-",BM33))} -> ;H
B36: =整月外場班表!B36 -> 0 | D36: =IF(MOD(整月外場班表!D36,1)=0,CONCATENATE(整月外場班表!D36,"00"),CONCATENATE(INT(整月外場班表!D36),"30")) -> 00 | E36: =IF(MOD(整月外場班表!E36,1)=0,CONCATENATE(整月外場班表!E36,"00"),CONCATENATE(INT(整月外場班表!E36),"30")) -> 00 | F36: =IF(MOD(整月外場班表!F36,1)=0,CONCATENATE(整月外場班表!F36,"00"),CONCATENATE(INT(整月外場班表!F36),"30")) -> 00 | G36: =IF(MOD(整月外場班表!G36,1)=0,CONCATENATE(整月外場班表!G36,"00"),CONCATENATE(INT(整月外場班表!G36),"30")) -> 00 | H36: =IF(MOD(整月外場班表!H36,1)=0,CONCATENATE(整月外場班表!H36,"00"),CONCATENATE(INT(整月外場班表!H36),"30")) -> 00 | I36: =IF(MOD(整月外場班表!I36,1)=0,CONCATENATE(整月外場班表!I36,"00"),CONCATENATE(INT(整月外場班表!I36),"30")) -> 00 | J36: =IF(MOD(整月外場班表!J36,1)=0,CONCATENATE(整月外場班表!J36,"00"),CONCATENATE(INT(整月外場班表!J36),"30")) -> 00 | K36: =IF(MOD(整月外場班表!K36,1)=0,CONCATENATE(整月外場班表!K36,"00"),CONCATENATE(INT(整月外場班表!K36),"30")) -> 00 | ... BM36: =IF(MOD(整月外場班表!BM36,1)=0,CONCATENATE(整月外場班表!BM36,"00"),CONCATENATE(INT(整月外場班表!BM36),"30")) -> 00
D37: =IF(MOD(整月外場班表!D37,1)=0,CONCATENATE(整月外場班表!D37,"00"),CONCATENATE(INT(整月外場班表!D37),"30")) -> 00 | E37: =IF(MOD(整月外場班表!E37,1)=0,CONCATENATE(整月外場班表!E37,"00"),CONCATENATE(INT(整月外場班表!E37),"30")) -> 00 | F37: =IF(MOD(整月外場班表!F37,1)=0,CONCATENATE(整月外場班表!F37,"00"),CONCATENATE(INT(整月外場班表!F37),"30")) -> 00 | G37: =IF(MOD(整月外場班表!G37,1)=0,CONCATENATE(整月外場班表!G37,"00"),CONCATENATE(INT(整月外場班表!G37),"30")) -> 00 | H37: =IF(MOD(整月外場班表!H37,1)=0,CONCATENATE(整月外場班表!H37,"00"),CONCATENATE(INT(整月外場班表!H37),"30")) -> 00 | I37: =IF(MOD(整月外場班表!I37,1)=0,CONCATENATE(整月外場班表!I37,"00"),CONCATENATE(INT(整月外場班表!I37),"30")) -> 00 | J37: =IF(MOD(整月外場班表!J37,1)=0,CONCATENATE(整月外場班表!J37,"00"),CONCATENATE(INT(整月外場班表!J37),"30")) -> 00 | K37: =IF(MOD(整月外場班表!K37,1)=0,CONCATENATE(整月外場班表!K37,"00"),CONCATENATE(INT(整月外場班表!K37),"30")) -> 00 | ... BM37: =IF(MOD(整月外場班表!BM37,1)=0,CONCATENATE(整月外場班表!BM37,"00"),CONCATENATE(INT(整月外場班表!BM37),"30")) -> 00
D38: {=_xlfn.IFS(AND(D36="00",D37="00"),";H",AND(D36<>"00",D37<>"00"),CONCATENATE(D36,"-",E37,"(",E36,"-",D37,")"),AND(D36="00",D37<>"00"),CONCATENATE(D37,"-",E37),AND(D36<>"00",D37="00"),CONCATENATE(D36,"-",E36))} -> ;H | F38: {=_xlfn.IFS(AND(F36="00",F37="00"),";H",AND(F36<>"00",F37<>"00"),CONCATENATE(F36,"-",G37,"(",G36,"-",F37,")"),AND(F36="00",F37<>"00"),CONCATENATE(F37,"-",G37),AND(F36<>"00",F37="00"),CONCATENATE(F36,"-",G36))} -> ;H | H38: {=_xlfn.IFS(AND(H36="00",H37="00"),";H",AND(H36<>"00",H37<>"00"),CONCATENATE(H36,"-",I37,"(",I36,"-",H37,")"),AND(H36="00",H37<>"00"),CONCATENATE(H37,"-",I37),AND(H36<>"00",H37="00"),CONCATENATE(H36,"-",I36))} -> ;H | J38: {=_xlfn.IFS(AND(J36="00",J37="00"),";H",AND(J36<>"00",J37<>"00"),CONCATENATE(J36,"-",K37,"(",K36,"-",J37,")"),AND(J36="00",J37<>"00"),CONCATENATE(J37,"-",K37),AND(J36<>"00",J37="00"),CONCATENATE(J36,"-",K36))} -> ;H | L38: {=_xlfn.IFS(AND(L36="00",L37="00"),";H",AND(L36<>"00",L37<>"00"),CONCATENATE(L36,"-",M37,"(",M36,"-",L37,")"),AND(L36="00",L37<>"00"),CONCATENATE(L37,"-",M37),AND(L36<>"00",L37="00"),CONCATENATE(L36,"-",M36))} -> ;H | N38: {=_xlfn.IFS(AND(N36="00",N37="00"),";H",AND(N36<>"00",N37<>"00"),CONCATENATE(N36,"-",O37,"(",O36,"-",N37,")"),AND(N36="00",N37<>"00"),CONCATENATE(N37,"-",O37),AND(N36<>"00",N37="00"),CONCATENATE(N36,"-",O36))} -> ;H | P38: {=_xlfn.IFS(AND(P36="00",P37="00"),";H",AND(P36<>"00",P37<>"00"),CONCATENATE(P36,"-",Q37,"(",Q36,"-",P37,")"),AND(P36="00",P37<>"00"),CONCATENATE(P37,"-",Q37),AND(P36<>"00",P37="00"),CONCATENATE(P36,"-",Q36))} -> ;H | R38: {=_xlfn.IFS(AND(R36="00",R37="00"),";H",AND(R36<>"00",R37<>"00"),CONCATENATE(R36,"-",S37,"(",S36,"-",R37,")"),AND(R36="00",R37<>"00"),CONCATENATE(R37,"-",S37),AND(R36<>"00",R37="00"),CONCATENATE(R36,"-",S36))} -> ;H | T38: {=_xlfn.IFS(AND(T36="00",T37="00"),";H",AND(T36<>"00",T37<>"00"),CONCATENATE(T36,"-",U37,"(",U36,"-",T37,")"),AND(T36="00",T37<>"00"),CONCATENATE(T37,"-",U37),AND(T36<>"00",T37="00"),CONCATENATE(T36,"-",U36))} -> ;H | V38: {=_xlfn.IFS(AND(V36="00",V37="00"),";H",AND(V36<>"00",V37<>"00"),CONCATENATE(V36,"-",W37,"(",W36,"-",V37,")"),AND(V36="00",V37<>"00"),CONCATENATE(V37,"-",W37),AND(V36<>"00",V37="00"),CONCATENATE(V36,"-",W36))} -> ;H | X38: {=_xlfn.IFS(AND(X36="00",X37="00"),";H",AND(X36<>"00",X37<>"00"),CONCATENATE(X36,"-",Y37,"(",Y36,"-",X37,")"),AND(X36="00",X37<>"00"),CONCATENATE(X37,"-",Y37),AND(X36<>"00",X37="00"),CONCATENATE(X36,"-",Y36))} -> ;H | Z38: {=_xlfn.IFS(AND(Z36="00",Z37="00"),";H",AND(Z36<>"00",Z37<>"00"),CONCATENATE(Z36,"-",AA37,"(",AA36,"-",Z37,")"),AND(Z36="00",Z37<>"00"),CONCATENATE(Z37,"-",AA37),AND(Z36<>"00",Z37="00"),CONCATENATE(Z36,"-",AA36))} -> ;H | AB38: {=_xlfn.IFS(AND(AB36="00",AB37="00"),";H",AND(AB36<>"00",AB37<>"00"),CONCATENATE(AB36,"-",AC37,"(",AC36,"-",AB37,")"),AND(AB36="00",AB37<>"00"),CONCATENATE(AB37,"-",AC37),AND(AB36<>"00",AB37="00"),CONCATENATE(AB36,"-",AC36))} -> ;H | AD38: {=_xlfn.IFS(AND(AD36="00",AD37="00"),";H",AND(AD36<>"00",AD37<>"00"),CONCATENATE(AD36,"-",AE37,"(",AE36,"-",AD37,")"),AND(AD36="00",AD37<>"00"),CONCATENATE(AD37,"-",AE37),AND(AD36<>"00",AD37="00"),CONCATENATE(AD36,"-",AE36))} -> ;H | AF38: {=_xlfn.IFS(AND(AF36="00",AF37="00"),";H",AND(AF36<>"00",AF37<>"00"),CONCATENATE(AF36,"-",AG37,"(",AG36,"-",AF37,")"),AND(AF36="00",AF37<>"00"),CONCATENATE(AF37,"-",AG37),AND(AF36<>"00",AF37="00"),CONCATENATE(AF36,"-",AG36))} -> ;H | AH38: {=_xlfn.IFS(AND(AH36="00",AH37="00"),";H",AND(AH36<>"00",AH37<>"00"),CONCATENATE(AH36,"-",AI37,"(",AI36,"-",AH37,")"),AND(AH36="00",AH37<>"00"),CONCATENATE(AH37,"-",AI37),AND(AH36<>"00",AH37="00"),CONCATENATE(AH36,"-",AI36))} -> ;H | AJ38: {=_xlfn.IFS(AND(AJ36="00",AJ37="00"),";H",AND(AJ36<>"00",AJ37<>"00"),CONCATENATE(AJ36,"-",AK37,"(",AK36,"-",AJ37,")"),AND(AJ36="00",AJ37<>"00"),CONCATENATE(AJ37,"-",AK37),AND(AJ36<>"00",AJ37="00"),CONCATENATE(AJ36,"-",AK36))} -> ;H | AL38: {=_xlfn.IFS(AND(AL36="00",AL37="00"),";H",AND(AL36<>"00",AL37<>"00"),CONCATENATE(AL36,"-",AM37,"(",AM36,"-",AL37,")"),AND(AL36="00",AL37<>"00"),CONCATENATE(AL37,"-",AM37),AND(AL36<>"00",AL37="00"),CONCATENATE(AL36,"-",AM36))} -> ;H | AN38: {=_xlfn.IFS(AND(AN36="00",AN37="00"),";H",AND(AN36<>"00",AN37<>"00"),CONCATENATE(AN36,"-",AO37,"(",AO36,"-",AN37,")"),AND(AN36="00",AN37<>"00"),CONCATENATE(AN37,"-",AO37),AND(AN36<>"00",AN37="00"),CONCATENATE(AN36,"-",AO36))} -> ;H | AP38: {=_xlfn.IFS(AND(AP36="00",AP37="00"),";H",AND(AP36<>"00",AP37<>"00"),CONCATENATE(AP36,"-",AQ37,"(",AQ36,"-",AP37,")"),AND(AP36="00",AP37<>"00"),CONCATENATE(AP37,"-",AQ37),AND(AP36<>"00",AP37="00"),CONCATENATE(AP36,"-",AQ36))} -> ;H | AR38: {=_xlfn.IFS(AND(AR36="00",AR37="00"),";H",AND(AR36<>"00",AR37<>"00"),CONCATENATE(AR36,"-",AS37,"(",AS36,"-",AR37,")"),AND(AR36="00",AR37<>"00"),CONCATENATE(AR37,"-",AS37),AND(AR36<>"00",AR37="00"),CONCATENATE(AR36,"-",AS36))} -> ;H | AT38: {=_xlfn.IFS(AND(AT36="00",AT37="00"),";H",AND(AT36<>"00",AT37<>"00"),CONCATENATE(AT36,"-",AU37,"(",AU36,"-",AT37,")"),AND(AT36="00",AT37<>"00"),CONCATENATE(AT37,"-",AU37),AND(AT36<>"00",AT37="00"),CONCATENATE(AT36,"-",AU36))} -> ;H | AV38: {=_xlfn.IFS(AND(AV36="00",AV37="00"),";H",AND(AV36<>"00",AV37<>"00"),CONCATENATE(AV36,"-",AW37,"(",AW36,"-",AV37,")"),AND(AV36="00",AV37<>"00"),CONCATENATE(AV37,"-",AW37),AND(AV36<>"00",AV37="00"),CONCATENATE(AV36,"-",AW36))} -> ;H | AX38: {=_xlfn.IFS(AND(AX36="00",AX37="00"),";H",AND(AX36<>"00",AX37<>"00"),CONCATENATE(AX36,"-",AY37,"(",AY36,"-",AX37,")"),AND(AX36="00",AX37<>"00"),CONCATENATE(AX37,"-",AY37),AND(AX36<>"00",AX37="00"),CONCATENATE(AX36,"-",AY36))} -> ;H | AZ38: {=_xlfn.IFS(AND(AZ36="00",AZ37="00"),";H",AND(AZ36<>"00",AZ37<>"00"),CONCATENATE(AZ36,"-",BA37,"(",BA36,"-",AZ37,")"),AND(AZ36="00",AZ37<>"00"),CONCATENATE(AZ37,"-",BA37),AND(AZ36<>"00",AZ37="00"),CONCATENATE(AZ36,"-",BA36))} -> ;H | BB38: {=_xlfn.IFS(AND(BB36="00",BB37="00"),";H",AND(BB36<>"00",BB37<>"00"),CONCATENATE(BB36,"-",BC37,"(",BC36,"-",BB37,")"),AND(BB36="00",BB37<>"00"),CONCATENATE(BB37,"-",BC37),AND(BB36<>"00",BB37="00"),CONCATENATE(BB36,"-",BC36))} -> ;H | BD38: {=_xlfn.IFS(AND(BD36="00",BD37="00"),";H",AND(BD36<>"00",BD37<>"00"),CONCATENATE(BD36,"-",BE37,"(",BE36,"-",BD37,")"),AND(BD36="00",BD37<>"00"),CONCATENATE(BD37,"-",BE37),AND(BD36<>"00",BD37="00"),CONCATENATE(BD36,"-",BE36))} -> ;H | BF38: {=_xlfn.IFS(AND(BF36="00",BF37="00"),";H",AND(BF36<>"00",BF37<>"00"),CONCATENATE(BF36,"-",BG37,"(",BG36,"-",BF37,")"),AND(BF36="00",BF37<>"00"),CONCATENATE(BF37,"-",BG37),AND(BF36<>"00",BF37="00"),CONCATENATE(BF36,"-",BG36))} -> ;H | BH38: {=_xlfn.IFS(AND(BH36="00",BH37="00"),";H",AND(BH36<>"00",BH37<>"00"),CONCATENATE(BH36,"-",BI37,"(",BI36,"-",BH37,")"),AND(BH36="00",BH37<>"00"),CONCATENATE(BH37,"-",BI37),AND(BH36<>"00",BH37="00"),CONCATENATE(BH36,"-",BI36))} -> ;H | BJ38: {=_xlfn.IFS(AND(BJ36="00",BJ37="00"),";H",AND(BJ36<>"00",BJ37<>"00"),CONCATENATE(BJ36,"-",BK37,"(",BK36,"-",BJ37,")"),AND(BJ36="00",BJ37<>"00"),CONCATENATE(BJ37,"-",BK37),AND(BJ36<>"00",BJ37="00"),CONCATENATE(BJ36,"-",BK36))} -> ;H | BL38: {=_xlfn.IFS(AND(BL36="00",BL37="00"),";H",AND(BL36<>"00",BL37<>"00"),CONCATENATE(BL36,"-",BM37,"(",BM36,"-",BL37,")"),AND(BL36="00",BL37<>"00"),CONCATENATE(BL37,"-",BM37),AND(BL36<>"00",BL37="00"),CONCATENATE(BL36,"-",BM36))} -> ;H
B39: =整月外場班表!B42 -> 梁芷瑄 | D39: =IF(MOD(整月外場班表!D42,1)=0,CONCATENATE(整月外場班表!D42,"00"),CONCATENATE(INT(整月外場班表!D42),"30")) -> 900 | E39: =IF(MOD(整月外場班表!E42,1)=0,CONCATENATE(整月外場班表!E42,"00"),CONCATENATE(INT(整月外場班表!E42),"30")) -> 1300 | F39: =IF(MOD(整月外場班表!F42,1)=0,CONCATENATE(整月外場班表!F42,"00"),CONCATENATE(INT(整月外場班表!F42),"30")) -> 00 | G39: =IF(MOD(整月外場班表!G42,1)=0,CONCATENATE(整月外場班表!G42,"00"),CONCATENATE(INT(整月外場班表!G42),"30")) -> 00 | H39: =IF(MOD(整月外場班表!H42,1)=0,CONCATENATE(整月外場班表!H42,"00"),CONCATENATE(INT(整月外場班表!H42),"30")) -> 00 | I39: =IF(MOD(整月外場班表!I42,1)=0,CONCATENATE(整月外場班表!I42,"00"),CONCATENATE(INT(整月外場班表!I42),"30")) -> 00 | J39: =IF(MOD(整月外場班表!J42,1)=0,CONCATENATE(整月外場班表!J42,"00"),CONCATENATE(INT(整月外場班表!J42),"30")) -> 00 | K39: =IF(MOD(整月外場班表!K42,1)=0,CONCATENATE(整月外場班表!K42,"00"),CONCATENATE(INT(整月外場班表!K42),"30")) -> 00 | ... BM39: =IF(MOD(整月外場班表!BM42,1)=0,CONCATENATE(整月外場班表!BM42,"00"),CONCATENATE(INT(整月外場班表!BM42),"30")) -> 00
D40: =IF(MOD(整月外場班表!D43,1)=0,CONCATENATE(整月外場班表!D43,"00"),CONCATENATE(INT(整月外場班表!D43),"30")) -> 1400 | E40: =IF(MOD(整月外場班表!E43,1)=0,CONCATENATE(整月外場班表!E43,"00"),CONCATENATE(INT(整月外場班表!E43),"30")) -> 1800 | F40: =IF(MOD(整月外場班表!F43,1)=0,CONCATENATE(整月外場班表!F43,"00"),CONCATENATE(INT(整月外場班表!F43),"30")) -> 00 | G40: =IF(MOD(整月外場班表!G43,1)=0,CONCATENATE(整月外場班表!G43,"00"),CONCATENATE(INT(整月外場班表!G43),"30")) -> 00 | H40: =IF(MOD(整月外場班表!H43,1)=0,CONCATENATE(整月外場班表!H43,"00"),CONCATENATE(INT(整月外場班表!H43),"30")) -> 00 | I40: =IF(MOD(整月外場班表!I43,1)=0,CONCATENATE(整月外場班表!I43,"00"),CONCATENATE(INT(整月外場班表!I43),"30")) -> 00 | J40: =IF(MOD(整月外場班表!J43,1)=0,CONCATENATE(整月外場班表!J43,"00"),CONCATENATE(INT(整月外場班表!J43),"30")) -> 00 | K40: =IF(MOD(整月外場班表!K43,1)=0,CONCATENATE(整月外場班表!K43,"00"),CONCATENATE(INT(整月外場班表!K43),"30")) -> 00 | ... BM40: =IF(MOD(整月外場班表!BM43,1)=0,CONCATENATE(整月外場班表!BM43,"00"),CONCATENATE(INT(整月外場班表!BM43),"30")) -> 00
D41: {=_xlfn.IFS(AND(D39="00",D40="00"),";H",AND(D39<>"00",D40<>"00"),CONCATENATE(D39,"-",E40,"(",E39,"-",D40,")"),AND(D39="00",D40<>"00"),CONCATENATE(D40,"-",E40),AND(D39<>"00",D40="00"),CONCATENATE(D39,"-",E39))} -> 900-1800(1300-1400) | F41: {=_xlfn.IFS(AND(F39="00",F40="00"),";H",AND(F39<>"00",F40<>"00"),CONCATENATE(F39,"-",G40,"(",G39,"-",F40,")"),AND(F39="00",F40<>"00"),CONCATENATE(F40,"-",G40),AND(F39<>"00",F40="00"),CONCATENATE(F39,"-",G39))} -> ;H | H41: {=_xlfn.IFS(AND(H39="00",H40="00"),";H",AND(H39<>"00",H40<>"00"),CONCATENATE(H39,"-",I40,"(",I39,"-",H40,")"),AND(H39="00",H40<>"00"),CONCATENATE(H40,"-",I40),AND(H39<>"00",H40="00"),CONCATENATE(H39,"-",I39))} -> ;H | J41: {=_xlfn.IFS(AND(J39="00",J40="00"),";H",AND(J39<>"00",J40<>"00"),CONCATENATE(J39,"-",K40,"(",K39,"-",J40,")"),AND(J39="00",J40<>"00"),CONCATENATE(J40,"-",K40),AND(J39<>"00",J40="00"),CONCATENATE(J39,"-",K39))} -> ;H | L41: {=_xlfn.IFS(AND(L39="00",L40="00"),";H",AND(L39<>"00",L40<>"00"),CONCATENATE(L39,"-",M40,"(",M39,"-",L40,")"),AND(L39="00",L40<>"00"),CONCATENATE(L40,"-",M40),AND(L39<>"00",L40="00"),CONCATENATE(L39,"-",M39))} -> ;H | N41: {=_xlfn.IFS(AND(N39="00",N40="00"),";H",AND(N39<>"00",N40<>"00"),CONCATENATE(N39,"-",O40,"(",O39,"-",N40,")"),AND(N39="00",N40<>"00"),CONCATENATE(N40,"-",O40),AND(N39<>"00",N40="00"),CONCATENATE(N39,"-",O39))} -> ;H | P41: {=_xlfn.IFS(AND(P39="00",P40="00"),";H",AND(P39<>"00",P40<>"00"),CONCATENATE(P39,"-",Q40,"(",Q39,"-",P40,")"),AND(P39="00",P40<>"00"),CONCATENATE(P40,"-",Q40),AND(P39<>"00",P40="00"),CONCATENATE(P39,"-",Q39))} -> ;H | R41: {=_xlfn.IFS(AND(R39="00",R40="00"),";H",AND(R39<>"00",R40<>"00"),CONCATENATE(R39,"-",S40,"(",S39,"-",R40,")"),AND(R39="00",R40<>"00"),CONCATENATE(R40,"-",S40),AND(R39<>"00",R40="00"),CONCATENATE(R39,"-",S39))} -> ;H | T41: {=_xlfn.IFS(AND(T39="00",T40="00"),";H",AND(T39<>"00",T40<>"00"),CONCATENATE(T39,"-",U40,"(",U39,"-",T40,")"),AND(T39="00",T40<>"00"),CONCATENATE(T40,"-",U40),AND(T39<>"00",T40="00"),CONCATENATE(T39,"-",U39))} -> ;H | V41: {=_xlfn.IFS(AND(V39="00",V40="00"),";H",AND(V39<>"00",V40<>"00"),CONCATENATE(V39,"-",W40,"(",W39,"-",V40,")"),AND(V39="00",V40<>"00"),CONCATENATE(V40,"-",W40),AND(V39<>"00",V40="00"),CONCATENATE(V39,"-",W39))} -> ;H | X41: {=_xlfn.IFS(AND(X39="00",X40="00"),";H",AND(X39<>"00",X40<>"00"),CONCATENATE(X39,"-",Y40,"(",Y39,"-",X40,")"),AND(X39="00",X40<>"00"),CONCATENATE(X40,"-",Y40),AND(X39<>"00",X40="00"),CONCATENATE(X39,"-",Y39))} -> ;H | Z41: {=_xlfn.IFS(AND(Z39="00",Z40="00"),";H",AND(Z39<>"00",Z40<>"00"),CONCATENATE(Z39,"-",AA40,"(",AA39,"-",Z40,")"),AND(Z39="00",Z40<>"00"),CONCATENATE(Z40,"-",AA40),AND(Z39<>"00",Z40="00"),CONCATENATE(Z39,"-",AA39))} -> ;H | AB41: {=_xlfn.IFS(AND(AB39="00",AB40="00"),";H",AND(AB39<>"00",AB40<>"00"),CONCATENATE(AB39,"-",AC40,"(",AC39,"-",AB40,")"),AND(AB39="00",AB40<>"00"),CONCATENATE(AB40,"-",AC40),AND(AB39<>"00",AB40="00"),CONCATENATE(AB39,"-",AC39))} -> ;H | AD41: {=_xlfn.IFS(AND(AD39="00",AD40="00"),";H",AND(AD39<>"00",AD40<>"00"),CONCATENATE(AD39,"-",AE40,"(",AE39,"-",AD40,")"),AND(AD39="00",AD40<>"00"),CONCATENATE(AD40,"-",AE40),AND(AD39<>"00",AD40="00"),CONCATENATE(AD39,"-",AE39))} -> ;H | AF41: {=_xlfn.IFS(AND(AF39="00",AF40="00"),";H",AND(AF39<>"00",AF40<>"00"),CONCATENATE(AF39,"-",AG40,"(",AG39,"-",AF40,")"),AND(AF39="00",AF40<>"00"),CONCATENATE(AF40,"-",AG40),AND(AF39<>"00",AF40="00"),CONCATENATE(AF39,"-",AG39))} -> ;H | AH41: {=_xlfn.IFS(AND(AH39="00",AH40="00"),";H",AND(AH39<>"00",AH40<>"00"),CONCATENATE(AH39,"-",AI40,"(",AI39,"-",AH40,")"),AND(AH39="00",AH40<>"00"),CONCATENATE(AH40,"-",AI40),AND(AH39<>"00",AH40="00"),CONCATENATE(AH39,"-",AI39))} -> ;H | AJ41: {=_xlfn.IFS(AND(AJ39="00",AJ40="00"),";H",AND(AJ39<>"00",AJ40<>"00"),CONCATENATE(AJ39,"-",AK40,"(",AK39,"-",AJ40,")"),AND(AJ39="00",AJ40<>"00"),CONCATENATE(AJ40,"-",AK40),AND(AJ39<>"00",AJ40="00"),CONCATENATE(AJ39,"-",AK39))} -> ;H | AL41: {=_xlfn.IFS(AND(AL39="00",AL40="00"),";H",AND(AL39<>"00",AL40<>"00"),CONCATENATE(AL39,"-",AM40,"(",AM39,"-",AL40,")"),AND(AL39="00",AL40<>"00"),CONCATENATE(AL40,"-",AM40),AND(AL39<>"00",AL40="00"),CONCATENATE(AL39,"-",AM39))} -> ;H | AN41: {=_xlfn.IFS(AND(AN39="00",AN40="00"),";H",AND(AN39<>"00",AN40<>"00"),CONCATENATE(AN39,"-",AO40,"(",AO39,"-",AN40,")"),AND(AN39="00",AN40<>"00"),CONCATENATE(AN40,"-",AO40),AND(AN39<>"00",AN40="00"),CONCATENATE(AN39,"-",AO39))} -> ;H | AP41: {=_xlfn.IFS(AND(AP39="00",AP40="00"),";H",AND(AP39<>"00",AP40<>"00"),CONCATENATE(AP39,"-",AQ40,"(",AQ39,"-",AP40,")"),AND(AP39="00",AP40<>"00"),CONCATENATE(AP40,"-",AQ40),AND(AP39<>"00",AP40="00"),CONCATENATE(AP39,"-",AQ39))} -> ;H | AR41: {=_xlfn.IFS(AND(AR39="00",AR40="00"),";H",AND(AR39<>"00",AR40<>"00"),CONCATENATE(AR39,"-",AS40,"(",AS39,"-",AR40,")"),AND(AR39="00",AR40<>"00"),CONCATENATE(AR40,"-",AS40),AND(AR39<>"00",AR40="00"),CONCATENATE(AR39,"-",AS39))} -> ;H | AT41: {=_xlfn.IFS(AND(AT39="00",AT40="00"),";H",AND(AT39<>"00",AT40<>"00"),CONCATENATE(AT39,"-",AU40,"(",AU39,"-",AT40,")"),AND(AT39="00",AT40<>"00"),CONCATENATE(AT40,"-",AU40),AND(AT39<>"00",AT40="00"),CONCATENATE(AT39,"-",AU39))} -> ;H | AV41: {=_xlfn.IFS(AND(AV39="00",AV40="00"),";H",AND(AV39<>"00",AV40<>"00"),CONCATENATE(AV39,"-",AW40,"(",AW39,"-",AV40,")"),AND(AV39="00",AV40<>"00"),CONCATENATE(AV40,"-",AW40),AND(AV39<>"00",AV40="00"),CONCATENATE(AV39,"-",AW39))} -> ;H | AX41: {=_xlfn.IFS(AND(AX39="00",AX40="00"),";H",AND(AX39<>"00",AX40<>"00"),CONCATENATE(AX39,"-",AY40,"(",AY39,"-",AX40,")"),AND(AX39="00",AX40<>"00"),CONCATENATE(AX40,"-",AY40),AND(AX39<>"00",AX40="00"),CONCATENATE(AX39,"-",AY39))} -> ;H | AZ41: {=_xlfn.IFS(AND(AZ39="00",AZ40="00"),";H",AND(AZ39<>"00",AZ40<>"00"),CONCATENATE(AZ39,"-",BA40,"(",BA39,"-",AZ40,")"),AND(AZ39="00",AZ40<>"00"),CONCATENATE(AZ40,"-",BA40),AND(AZ39<>"00",AZ40="00"),CONCATENATE(AZ39,"-",BA39))} -> ;H | BB41: {=_xlfn.IFS(AND(BB39="00",BB40="00"),";H",AND(BB39<>"00",BB40<>"00"),CONCATENATE(BB39,"-",BC40,"(",BC39,"-",BB40,")"),AND(BB39="00",BB40<>"00"),CONCATENATE(BB40,"-",BC40),AND(BB39<>"00",BB40="00"),CONCATENATE(BB39,"-",BC39))} -> ;H | BD41: {=_xlfn.IFS(AND(BD39="00",BD40="00"),";H",AND(BD39<>"00",BD40<>"00"),CONCATENATE(BD39,"-",BE40,"(",BE39,"-",BD40,")"),AND(BD39="00",BD40<>"00"),CONCATENATE(BD40,"-",BE40),AND(BD39<>"00",BD40="00"),CONCATENATE(BD39,"-",BE39))} -> ;H | BF41: {=_xlfn.IFS(AND(BF39="00",BF40="00"),";H",AND(BF39<>"00",BF40<>"00"),CONCATENATE(BF39,"-",BG40,"(",BG39,"-",BF40,")"),AND(BF39="00",BF40<>"00"),CONCATENATE(BF40,"-",BG40),AND(BF39<>"00",BF40="00"),CONCATENATE(BF39,"-",BG39))} -> ;H | BH41: {=_xlfn.IFS(AND(BH39="00",BH40="00"),";H",AND(BH39<>"00",BH40<>"00"),CONCATENATE(BH39,"-",BI40,"(",BI39,"-",BH40,")"),AND(BH39="00",BH40<>"00"),CONCATENATE(BH40,"-",BI40),AND(BH39<>"00",BH40="00"),CONCATENATE(BH39,"-",BI39))} -> ;H | BJ41: {=_xlfn.IFS(AND(BJ39="00",BJ40="00"),";H",AND(BJ39<>"00",BJ40<>"00"),CONCATENATE(BJ39,"-",BK40,"(",BK39,"-",BJ40,")"),AND(BJ39="00",BJ40<>"00"),CONCATENATE(BJ40,"-",BK40),AND(BJ39<>"00",BJ40="00"),CONCATENATE(BJ39,"-",BK39))} -> ;H | BL41: {=_xlfn.IFS(AND(BL39="00",BL40="00"),";H",AND(BL39<>"00",BL40<>"00"),CONCATENATE(BL39,"-",BM40,"(",BM39,"-",BL40,")"),AND(BL39="00",BL40<>"00"),CONCATENATE(BL40,"-",BM40),AND(BL39<>"00",BL40="00"),CONCATENATE(BL39,"-",BM39))} -> ;H

Sheet 內場轉化
A1: 本列維持與前頁格式一致，請勿刪除
A4: =整月外場班表!A4 -> 白霧時光 板橋傑仕堡 | D4: =整月外場班表!D4 -> 46204 | F4: =D4+1 -> 46205 | H4: =F4+1 -> 46206 | J4: =H4+1 -> 46207 | L4: =J4+1 -> 46208 | N4: =L4+1 -> 46209 | P4: =N4+1 -> 46210 | R4: =P4+1 -> 46211 | T4: =R4+1 -> 46212 | V4: =T4+1 -> 46213 | X4: =V4+1 -> 46214 | Z4: =X4+1 -> 46215 | AB4: =Z4+1 -> 46216 | AD4: =AB4+1 -> 46217 | AF4: =AD4+1 -> 46218 | AH4: =AF4+1 -> 46219 | AJ4: =AH4+1 -> 46220 | AL4: =AJ4+1 -> 46221 | AN4: =AL4+1 -> 46222 | AP4: =AN4+1 -> 46223 | AR4: =AP4+1 -> 46224 | AT4: =AR4+1 -> 46225 | AV4: =AT4+1 -> 46226 | AX4: =AV4+1 -> 46227 | AZ4: =AX4+1 -> 46228 | BB4: =AZ4+1 -> 46229 | BD4: =BB4+1 -> 46230 | BF4: =BD4+1 -> 46231 | BH4: =BF4+1 -> 46232 | BJ4: =BH4+1 -> 46233
D5: 週六 | F5: 週日 | H5: 週一 | J5: 週二 | L5: 週三 | N5: 週四 | P5: 週五 | R5: 週六 | T5: 週日 | V5: 週一 | X5: 週二 | Z5: 週三 | AB5: 週四 | AD5: 週五 | AF5: 週六 | AH5: 週日 | AJ5: 週一 | AL5: 週二 | AN5: 週三 | AP5: 週四 | AR5: 週五 | AT5: 週六 | AV5: 週日 | AX5: 週一 | AZ5: 週二 | BB5: 週三 | BD5: 週四 | BF5: 週五 | BH5: 週六 | BJ5: 週日
B6: =#REF! -> #REF! | D6: =IF(MOD(#REF!,1)=0,CONCATENATE(#REF!,"00"),CONCATENATE(INT(#REF!),"30")) -> #REF! | E6: =IF(MOD(#REF!,1)=0,CONCATENATE(#REF!,"00"),CONCATENATE(INT(#REF!),"30")) -> #REF! | F6: =IF(MOD(#REF!,1)=0,CONCATENATE(#REF!,"00"),CONCATENATE(INT(#REF!),"30")) -> #REF! | G6: =IF(MOD(#REF!,1)=0,CONCATENATE(#REF!,"00"),CONCATENATE(INT(#REF!),"30")) -> #REF! | H6: =IF(MOD(#REF!,1)=0,CONCATENATE(#REF!,"00"),CONCATENATE(INT(#REF!),"30")) -> #REF! | I6: =IF(MOD(#REF!,1)=0,CONCATENATE(#REF!,"00"),CONCATENATE(INT(#REF!),"30")) -> #REF! | J6: =IF(MOD(#REF!,1)=0,CONCATENATE(#REF!,"00"),CONCATENATE(INT(#REF!),"30")) -> #REF! | K6: =IF(MOD(#REF!,1)=0,CONCATENATE(#REF!,"00"),CONCATENATE(INT(#REF!),"30")) -> #REF! | ... BM6: =IF(MOD(#REF!,1)=0,CONCATENATE(#REF!,"00"),CONCATENATE(INT(#REF!),"30")) -> #REF!
D7: =IF(MOD(#REF!,1)=0,CONCATENATE(#REF!,"00"),CONCATENATE(INT(#REF!),"30")) -> #REF! | E7: =IF(MOD(#REF!,1)=0,CONCATENATE(#REF!,"00"),CONCATENATE(INT(#REF!),"30")) -> #REF! | F7: =IF(MOD(#REF!,1)=0,CONCATENATE(#REF!,"00"),CONCATENATE(INT(#REF!),"30")) -> #REF! | G7: =IF(MOD(#REF!,1)=0,CONCATENATE(#REF!,"00"),CONCATENATE(INT(#REF!),"30")) -> #REF! | H7: =IF(MOD(#REF!,1)=0,CONCATENATE(#REF!,"00"),CONCATENATE(INT(#REF!),"30")) -> #REF! | I7: =IF(MOD(#REF!,1)=0,CONCATENATE(#REF!,"00"),CONCATENATE(INT(#REF!),"30")) -> #REF! | J7: =IF(MOD(#REF!,1)=0,CONCATENATE(#REF!,"00"),CONCATENATE(INT(#REF!),"30")) -> #REF! | K7: =IF(MOD(#REF!,1)=0,CONCATENATE(#REF!,"00"),CONCATENATE(INT(#REF!),"30")) -> #REF! | ... BM7: =IF(MOD(#REF!,1)=0,CONCATENATE(#REF!,"00"),CONCATENATE(INT(#REF!),"30")) -> #REF!
D8: {=_xlfn.IFS(AND(D6="00",D7="00"),";H",AND(D6<>"00",D7<>"00"),CONCATENATE(D6,"-",E7,"(",E6,"-",D7,")"),AND(D6="00",D7<>"00"),CONCATENATE(D7,"-",E7),AND(D6<>"00",D7="00"),CONCATENATE(D6,"-",E6))} -> #REF! | F8: {=_xlfn.IFS(AND(F6="00",F7="00"),";H",AND(F6<>"00",F7<>"00"),CONCATENATE(F6,"-",G7,"(",G6,"-",F7,")"),AND(F6="00",F7<>"00"),CONCATENATE(F7,"-",G7),AND(F6<>"00",F7="00"),CONCATENATE(F6,"-",G6))} -> #REF! | H8: {=_xlfn.IFS(AND(H6="00",H7="00"),";H",AND(H6<>"00",H7<>"00"),CONCATENATE(H6,"-",I7,"(",I6,"-",H7,")"),AND(H6="00",H7<>"00"),CONCATENATE(H7,"-",I7),AND(H6<>"00",H7="00"),CONCATENATE(H6,"-",I6))} -> #REF! | J8: {=_xlfn.IFS(AND(J6="00",J7="00"),";H",AND(J6<>"00",J7<>"00"),CONCATENATE(J6,"-",K7,"(",K6,"-",J7,")"),AND(J6="00",J7<>"00"),CONCATENATE(J7,"-",K7),AND(J6<>"00",J7="00"),CONCATENATE(J6,"-",K6))} -> #REF! | L8: {=_xlfn.IFS(AND(L6="00",L7="00"),";H",AND(L6<>"00",L7<>"00"),CONCATENATE(L6,"-",M7,"(",M6,"-",L7,")"),AND(L6="00",L7<>"00"),CONCATENATE(L7,"-",M7),AND(L6<>"00",L7="00"),CONCATENATE(L6,"-",M6))} -> #REF! | N8: {=_xlfn.IFS(AND(N6="00",N7="00"),";H",AND(N6<>"00",N7<>"00"),CONCATENATE(N6,"-",O7,"(",O6,"-",N7,")"),AND(N6="00",N7<>"00"),CONCATENATE(N7,"-",O7),AND(N6<>"00",N7="00"),CONCATENATE(N6,"-",O6))} -> #REF! | P8: {=_xlfn.IFS(AND(P6="00",P7="00"),";H",AND(P6<>"00",P7<>"00"),CONCATENATE(P6,"-",Q7,"(",Q6,"-",P7,")"),AND(P6="00",P7<>"00"),CONCATENATE(P7,"-",Q7),AND(P6<>"00",P7="00"),CONCATENATE(P6,"-",Q6))} -> #REF! | R8: {=_xlfn.IFS(AND(R6="00",R7="00"),";H",AND(R6<>"00",R7<>"00"),CONCATENATE(R6,"-",S7,"(",S6,"-",R7,")"),AND(R6="00",R7<>"00"),CONCATENATE(R7,"-",S7),AND(R6<>"00",R7="00"),CONCATENATE(R6,"-",S6))} -> #REF! | T8: {=_xlfn.IFS(AND(T6="00",T7="00"),";H",AND(T6<>"00",T7<>"00"),CONCATENATE(T6,"-",U7,"(",U6,"-",T7,")"),AND(T6="00",T7<>"00"),CONCATENATE(T7,"-",U7),AND(T6<>"00",T7="00"),CONCATENATE(T6,"-",U6))} -> #REF! | V8: {=_xlfn.IFS(AND(V6="00",V7="00"),";H",AND(V6<>"00",V7<>"00"),CONCATENATE(V6,"-",W7,"(",W6,"-",V7,")"),AND(V6="00",V7<>"00"),CONCATENATE(V7,"-",W7),AND(V6<>"00",V7="00"),CONCATENATE(V6,"-",W6))} -> #REF! | X8: {=_xlfn.IFS(AND(X6="00",X7="00"),";H",AND(X6<>"00",X7<>"00"),CONCATENATE(X6,"-",Y7,"(",Y6,"-",X7,")"),AND(X6="00",X7<>"00"),CONCATENATE(X7,"-",Y7),AND(X6<>"00",X7="00"),CONCATENATE(X6,"-",Y6))} -> #REF! | Z8: {=_xlfn.IFS(AND(Z6="00",Z7="00"),";H",AND(Z6<>"00",Z7<>"00"),CONCATENATE(Z6,"-",AA7,"(",AA6,"-",Z7,")"),AND(Z6="00",Z7<>"00"),CONCATENATE(Z7,"-",AA7),AND(Z6<>"00",Z7="00"),CONCATENATE(Z6,"-",AA6))} -> #REF! | AB8: {=_xlfn.IFS(AND(AB6="00",AB7="00"),";H",AND(AB6<>"00",AB7<>"00"),CONCATENATE(AB6,"-",AC7,"(",AC6,"-",AB7,")"),AND(AB6="00",AB7<>"00"),CONCATENATE(AB7,"-",AC7),AND(AB6<>"00",AB7="00"),CONCATENATE(AB6,"-",AC6))} -> #REF! | AD8: {=_xlfn.IFS(AND(AD6="00",AD7="00"),";H",AND(AD6<>"00",AD7<>"00"),CONCATENATE(AD6,"-",AE7,"(",AE6,"-",AD7,")"),AND(AD6="00",AD7<>"00"),CONCATENATE(AD7,"-",AE7),AND(AD6<>"00",AD7="00"),CONCATENATE(AD6,"-",AE6))} -> #REF! | AF8: {=_xlfn.IFS(AND(AF6="00",AF7="00"),";H",AND(AF6<>"00",AF7<>"00"),CONCATENATE(AF6,"-",AG7,"(",AG6,"-",AF7,")"),AND(AF6="00",AF7<>"00"),CONCATENATE(AF7,"-",AG7),AND(AF6<>"00",AF7="00"),CONCATENATE(AF6,"-",AG6))} -> #REF! | AH8: {=_xlfn.IFS(AND(AH6="00",AH7="00"),";H",AND(AH6<>"00",AH7<>"00"),CONCATENATE(AH6,"-",AI7,"(",AI6,"-",AH7,")"),AND(AH6="00",AH7<>"00"),CONCATENATE(AH7,"-",AI7),AND(AH6<>"00",AH7="00"),CONCATENATE(AH6,"-",AI6))} -> #REF! | AJ8: {=_xlfn.IFS(AND(AJ6="00",AJ7="00"),";H",AND(AJ6<>"00",AJ7<>"00"),CONCATENATE(AJ6,"-",AK7,"(",AK6,"-",AJ7,")"),AND(AJ6="00",AJ7<>"00"),CONCATENATE(AJ7,"-",AK7),AND(AJ6<>"00",AJ7="00"),CONCATENATE(AJ6,"-",AK6))} -> #REF! | AL8: {=_xlfn.IFS(AND(AL6="00",AL7="00"),";H",AND(AL6<>"00",AL7<>"00"),CONCATENATE(AL6,"-",AM7,"(",AM6,"-",AL7,")"),AND(AL6="00",AL7<>"00"),CONCATENATE(AL7,"-",AM7),AND(AL6<>"00",AL7="00"),CONCATENATE(AL6,"-",AM6))} -> #REF! | AN8: {=_xlfn.IFS(AND(AN6="00",AN7="00"),";H",AND(AN6<>"00",AN7<>"00"),CONCATENATE(AN6,"-",AO7,"(",AO6,"-",AN7,")"),AND(AN6="00",AN7<>"00"),CONCATENATE(AN7,"-",AO7),AND(AN6<>"00",AN7="00"),CONCATENATE(AN6,"-",AO6))} -> #REF! | AP8: {=_xlfn.IFS(AND(AP6="00",AP7="00"),";H",AND(AP6<>"00",AP7<>"00"),CONCATENATE(AP6,"-",AQ7,"(",AQ6,"-",AP7,")"),AND(AP6="00",AP7<>"00"),CONCATENATE(AP7,"-",AQ7),AND(AP6<>"00",AP7="00"),CONCATENATE(AP6,"-",AQ6))} -> #REF! | AR8: {=_xlfn.IFS(AND(AR6="00",AR7="00"),";H",AND(AR6<>"00",AR7<>"00"),CONCATENATE(AR6,"-",AS7,"(",AS6,"-",AR7,")"),AND(AR6="00",AR7<>"00"),CONCATENATE(AR7,"-",AS7),AND(AR6<>"00",AR7="00"),CONCATENATE(AR6,"-",AS6))} -> #REF! | AT8: {=_xlfn.IFS(AND(AT6="00",AT7="00"),";H",AND(AT6<>"00",AT7<>"00"),CONCATENATE(AT6,"-",AU7,"(",AU6,"-",AT7,")"),AND(AT6="00",AT7<>"00"),CONCATENATE(AT7,"-",AU7),AND(AT6<>"00",AT7="00"),CONCATENATE(AT6,"-",AU6))} -> #REF! | AV8: {=_xlfn.IFS(AND(AV6="00",AV7="00"),";H",AND(AV6<>"00",AV7<>"00"),CONCATENATE(AV6,"-",AW7,"(",AW6,"-",AV7,")"),AND(AV6="00",AV7<>"00"),CONCATENATE(AV7,"-",AW7),AND(AV6<>"00",AV7="00"),CONCATENATE(AV6,"-",AW6))} -> #REF! | AX8: {=_xlfn.IFS(AND(AX6="00",AX7="00"),";H",AND(AX6<>"00",AX7<>"00"),CONCATENATE(AX6,"-",AY7,"(",AY6,"-",AX7,")"),AND(AX6="00",AX7<>"00"),CONCATENATE(AX7,"-",AY7),AND(AX6<>"00",AX7="00"),CONCATENATE(AX6,"-",AY6))} -> #REF! | AZ8: {=_xlfn.IFS(AND(AZ6="00",AZ7="00"),";H",AND(AZ6<>"00",AZ7<>"00"),CONCATENATE(AZ6,"-",BA7,"(",BA6,"-",AZ7,")"),AND(AZ6="00",AZ7<>"00"),CONCATENATE(AZ7,"-",BA7),AND(AZ6<>"00",AZ7="00"),CONCATENATE(AZ6,"-",BA6))} -> #REF! | BB8: {=_xlfn.IFS(AND(BB6="00",BB7="00"),";H",AND(BB6<>"00",BB7<>"00"),CONCATENATE(BB6,"-",BC7,"(",BC6,"-",BB7,")"),AND(BB6="00",BB7<>"00"),CONCATENATE(BB7,"-",BC7),AND(BB6<>"00",BB7="00"),CONCATENATE(BB6,"-",BC6))} -> #REF! | BD8: {=_xlfn.IFS(AND(BD6="00",BD7="00"),";H",AND(BD6<>"00",BD7<>"00"),CONCATENATE(BD6,"-",BE7,"(",BE6,"-",BD7,")"),AND(BD6="00",BD7<>"00"),CONCATENATE(BD7,"-",BE7),AND(BD6<>"00",BD7="00"),CONCATENATE(BD6,"-",BE6))} -> #REF! | BF8: {=_xlfn.IFS(AND(BF6="00",BF7="00"),";H",AND(BF6<>"00",BF7<>"00"),CONCATENATE(BF6,"-",BG7,"(",BG6,"-",BF7,")"),AND(BF6="00",BF7<>"00"),CONCATENATE(BF7,"-",BG7),AND(BF6<>"00",BF7="00"),CONCATENATE(BF6,"-",BG6))} -> #REF! | BH8: {=_xlfn.IFS(AND(BH6="00",BH7="00"),";H",AND(BH6<>"00",BH7<>"00"),CONCATENATE(BH6,"-",BI7,"(",BI6,"-",BH7,")"),AND(BH6="00",BH7<>"00"),CONCATENATE(BH7,"-",BI7),AND(BH6<>"00",BH7="00"),CONCATENATE(BH6,"-",BI6))} -> #REF! | BJ8: {=_xlfn.IFS(AND(BJ6="00",BJ7="00"),";H",AND(BJ6<>"00",BJ7<>"00"),CONCATENATE(BJ6,"-",BK7,"(",BK6,"-",BJ7,")"),AND(BJ6="00",BJ7<>"00"),CONCATENATE(BJ7,"-",BK7),AND(BJ6<>"00",BJ7="00"),CONCATENATE(BJ6,"-",BK6))} -> #REF! | BL8: {=_xlfn.IFS(AND(BL6="00",BL7="00"),";H",AND(BL6<>"00",BL7<>"00"),CONCATENATE(BL6,"-",BM7,"(",BM6,"-",BL7,")"),AND(BL6="00",BL7<>"00"),CONCATENATE(BL7,"-",BM7),AND(BL6<>"00",BL7="00"),CONCATENATE(BL6,"-",BM6))} -> #REF!
B9: =#REF! -> #REF! | D9: =IF(MOD(#REF!,1)=0,CONCATENATE(#REF!,"00"),CONCATENATE(INT(#REF!),"30")) -> #REF! | E9: =IF(MOD(#REF!,1)=0,CONCATENATE(#REF!,"00"),CONCATENATE(INT(#REF!),"30")) -> #REF! | F9: =IF(MOD(#REF!,1)=0,CONCATENATE(#REF!,"00"),CONCATENATE(INT(#REF!),"30")) -> #REF! | G9: =IF(MOD(#REF!,1)=0,CONCATENATE(#REF!,"00"),CONCATENATE(INT(#REF!),"30")) -> #REF! | H9: =IF(MOD(#REF!,1)=0,CONCATENATE(#REF!,"00"),CONCATENATE(INT(#REF!),"30")) -> #REF! | I9: =IF(MOD(#REF!,1)=0,CONCATENATE(#REF!,"00"),CONCATENATE(INT(#REF!),"30")) -> #REF! | J9: =IF(MOD(#REF!,1)=0,CONCATENATE(#REF!,"00"),CONCATENATE(INT(#REF!),"30")) -> #REF! | K9: =IF(MOD(#REF!,1)=0,CONCATENATE(#REF!,"00"),CONCATENATE(INT(#REF!),"30")) -> #REF! | ... BM9: =IF(MOD(#REF!,1)=0,CONCATENATE(#REF!,"00"),CONCATENATE(INT(#REF!),"30")) -> #REF!
D10: =IF(MOD(#REF!,1)=0,CONCATENATE(#REF!,"00"),CONCATENATE(INT(#REF!),"30")) -> #REF! | E10: =IF(MOD(#REF!,1)=0,CONCATENATE(#REF!,"00"),CONCATENATE(INT(#REF!),"30")) -> #REF! | F10: =IF(MOD(#REF!,1)=0,CONCATENATE(#REF!,"00"),CONCATENATE(INT(#REF!),"30")) -> #REF! | G10: =IF(MOD(#REF!,1)=0,CONCATENATE(#REF!,"00"),CONCATENATE(INT(#REF!),"30")) -> #REF! | H10: =IF(MOD(#REF!,1)=0,CONCATENATE(#REF!,"00"),CONCATENATE(INT(#REF!),"30")) -> #REF! | I10: =IF(MOD(#REF!,1)=0,CONCATENATE(#REF!,"00"),CONCATENATE(INT(#REF!),"30")) -> #REF! | J10: =IF(MOD(#REF!,1)=0,CONCATENATE(#REF!,"00"),CONCATENATE(INT(#REF!),"30")) -> #REF! | K10: =IF(MOD(#REF!,1)=0,CONCATENATE(#REF!,"00"),CONCATENATE(INT(#REF!),"30")) -> #REF! | ... BM10: =IF(MOD(#REF!,1)=0,CONCATENATE(#REF!,"00"),CONCATENATE(INT(#REF!),"30")) -> #REF!
D11: {=_xlfn.IFS(AND(D9="00",D10="00"),";H",AND(D9<>"00",D10<>"00"),CONCATENATE(D9,"-",E10,"(",E9,"-",D10,")"),AND(D9="00",D10<>"00"),CONCATENATE(D10,"-",E10),AND(D9<>"00",D10="00"),CONCATENATE(D9,"-",E9))} -> #REF! | F11: {=_xlfn.IFS(AND(F9="00",F10="00"),";H",AND(F9<>"00",F10<>"00"),CONCATENATE(F9,"-",G10,"(",G9,"-",F10,")"),AND(F9="00",F10<>"00"),CONCATENATE(F10,"-",G10),AND(F9<>"00",F10="00"),CONCATENATE(F9,"-",G9))} -> #REF! | H11: {=_xlfn.IFS(AND(H9="00",H10="00"),";H",AND(H9<>"00",H10<>"00"),CONCATENATE(H9,"-",I10,"(",I9,"-",H10,")"),AND(H9="00",H10<>"00"),CONCATENATE(H10,"-",I10),AND(H9<>"00",H10="00"),CONCATENATE(H9,"-",I9))} -> #REF! | J11: {=_xlfn.IFS(AND(J9="00",J10="00"),";H",AND(J9<>"00",J10<>"00"),CONCATENATE(J9,"-",K10,"(",K9,"-",J10,")"),AND(J9="00",J10<>"00"),CONCATENATE(J10,"-",K10),AND(J9<>"00",J10="00"),CONCATENATE(J9,"-",K9))} -> #REF! | L11: {=_xlfn.IFS(AND(L9="00",L10="00"),";H",AND(L9<>"00",L10<>"00"),CONCATENATE(L9,"-",M10,"(",M9,"-",L10,")"),AND(L9="00",L10<>"00"),CONCATENATE(L10,"-",M10),AND(L9<>"00",L10="00"),CONCATENATE(L9,"-",M9))} -> #REF! | N11: {=_xlfn.IFS(AND(N9="00",N10="00"),";H",AND(N9<>"00",N10<>"00"),CONCATENATE(N9,"-",O10,"(",O9,"-",N10,")"),AND(N9="00",N10<>"00"),CONCATENATE(N10,"-",O10),AND(N9<>"00",N10="00"),CONCATENATE(N9,"-",O9))} -> #REF! | P11: {=_xlfn.IFS(AND(P9="00",P10="00"),";H",AND(P9<>"00",P10<>"00"),CONCATENATE(P9,"-",Q10,"(",Q9,"-",P10,")"),AND(P9="00",P10<>"00"),CONCATENATE(P10,"-",Q10),AND(P9<>"00",P10="00"),CONCATENATE(P9,"-",Q9))} -> #REF! | R11: {=_xlfn.IFS(AND(R9="00",R10="00"),";H",AND(R9<>"00",R10<>"00"),CONCATENATE(R9,"-",S10,"(",S9,"-",R10,")"),AND(R9="00",R10<>"00"),CONCATENATE(R10,"-",S10),AND(R9<>"00",R10="00"),CONCATENATE(R9,"-",S9))} -> #REF! | T11: {=_xlfn.IFS(AND(T9="00",T10="00"),";H",AND(T9<>"00",T10<>"00"),CONCATENATE(T9,"-",U10,"(",U9,"-",T10,")"),AND(T9="00",T10<>"00"),CONCATENATE(T10,"-",U10),AND(T9<>"00",T10="00"),CONCATENATE(T9,"-",U9))} -> #REF! | V11: {=_xlfn.IFS(AND(V9="00",V10="00"),";H",AND(V9<>"00",V10<>"00"),CONCATENATE(V9,"-",W10,"(",W9,"-",V10,")"),AND(V9="00",V10<>"00"),CONCATENATE(V10,"-",W10),AND(V9<>"00",V10="00"),CONCATENATE(V9,"-",W9))} -> #REF! | X11: {=_xlfn.IFS(AND(X9="00",X10="00"),";H",AND(X9<>"00",X10<>"00"),CONCATENATE(X9,"-",Y10,"(",Y9,"-",X10,")"),AND(X9="00",X10<>"00"),CONCATENATE(X10,"-",Y10),AND(X9<>"00",X10="00"),CONCATENATE(X9,"-",Y9))} -> #REF! | Z11: {=_xlfn.IFS(AND(Z9="00",Z10="00"),";H",AND(Z9<>"00",Z10<>"00"),CONCATENATE(Z9,"-",AA10,"(",AA9,"-",Z10,")"),AND(Z9="00",Z10<>"00"),CONCATENATE(Z10,"-",AA10),AND(Z9<>"00",Z10="00"),CONCATENATE(Z9,"-",AA9))} -> #REF! | AB11: {=_xlfn.IFS(AND(AB9="00",AB10="00"),";H",AND(AB9<>"00",AB10<>"00"),CONCATENATE(AB9,"-",AC10,"(",AC9,"-",AB10,")"),AND(AB9="00",AB10<>"00"),CONCATENATE(AB10,"-",AC10),AND(AB9<>"00",AB10="00"),CONCATENATE(AB9,"-",AC9))} -> #REF! | AD11: {=_xlfn.IFS(AND(AD9="00",AD10="00"),";H",AND(AD9<>"00",AD10<>"00"),CONCATENATE(AD9,"-",AE10,"(",AE9,"-",AD10,")"),AND(AD9="00",AD10<>"00"),CONCATENATE(AD10,"-",AE10),AND(AD9<>"00",AD10="00"),CONCATENATE(AD9,"-",AE9))} -> #REF! | AF11: {=_xlfn.IFS(AND(AF9="00",AF10="00"),";H",AND(AF9<>"00",AF10<>"00"),CONCATENATE(AF9,"-",AG10,"(",AG9,"-",AF10,")"),AND(AF9="00",AF10<>"00"),CONCATENATE(AF10,"-",AG10),AND(AF9<>"00",AF10="00"),CONCATENATE(AF9,"-",AG9))} -> #REF! | AH11: {=_xlfn.IFS(AND(AH9="00",AH10="00"),";H",AND(AH9<>"00",AH10<>"00"),CONCATENATE(AH9,"-",AI10,"(",AI9,"-",AH10,")"),AND(AH9="00",AH10<>"00"),CONCATENATE(AH10,"-",AI10),AND(AH9<>"00",AH10="00"),CONCATENATE(AH9,"-",AI9))} -> #REF! | AJ11: {=_xlfn.IFS(AND(AJ9="00",AJ10="00"),";H",AND(AJ9<>"00",AJ10<>"00"),CONCATENATE(AJ9,"-",AK10,"(",AK9,"-",AJ10,")"),AND(AJ9="00",AJ10<>"00"),CONCATENATE(AJ10,"-",AK10),AND(AJ9<>"00",AJ10="00"),CONCATENATE(AJ9,"-",AK9))} -> #REF! | AL11: {=_xlfn.IFS(AND(AL9="00",AL10="00"),";H",AND(AL9<>"00",AL10<>"00"),CONCATENATE(AL9,"-",AM10,"(",AM9,"-",AL10,")"),AND(AL9="00",AL10<>"00"),CONCATENATE(AL10,"-",AM10),AND(AL9<>"00",AL10="00"),CONCATENATE(AL9,"-",AM9))} -> #REF! | AN11: {=_xlfn.IFS(AND(AN9="00",AN10="00"),";H",AND(AN9<>"00",AN10<>"00"),CONCATENATE(AN9,"-",AO10,"(",AO9,"-",AN10,")"),AND(AN9="00",AN10<>"00"),CONCATENATE(AN10,"-",AO10),AND(AN9<>"00",AN10="00"),CONCATENATE(AN9,"-",AO9))} -> #REF! | AP11: {=_xlfn.IFS(AND(AP9="00",AP10="00"),";H",AND(AP9<>"00",AP10<>"00"),CONCATENATE(AP9,"-",AQ10,"(",AQ9,"-",AP10,")"),AND(AP9="00",AP10<>"00"),CONCATENATE(AP10,"-",AQ10),AND(AP9<>"00",AP10="00"),CONCATENATE(AP9,"-",AQ9))} -> #REF! | AR11: {=_xlfn.IFS(AND(AR9="00",AR10="00"),";H",AND(AR9<>"00",AR10<>"00"),CONCATENATE(AR9,"-",AS10,"(",AS9,"-",AR10,")"),AND(AR9="00",AR10<>"00"),CONCATENATE(AR10,"-",AS10),AND(AR9<>"00",AR10="00"),CONCATENATE(AR9,"-",AS9))} -> #REF! | AT11: {=_xlfn.IFS(AND(AT9="00",AT10="00"),";H",AND(AT9<>"00",AT10<>"00"),CONCATENATE(AT9,"-",AU10,"(",AU9,"-",AT10,")"),AND(AT9="00",AT10<>"00"),CONCATENATE(AT10,"-",AU10),AND(AT9<>"00",AT10="00"),CONCATENATE(AT9,"-",AU9))} -> #REF! | AV11: {=_xlfn.IFS(AND(AV9="00",AV10="00"),";H",AND(AV9<>"00",AV10<>"00"),CONCATENATE(AV9,"-",AW10,"(",AW9,"-",AV10,")"),AND(AV9="00",AV10<>"00"),CONCATENATE(AV10,"-",AW10),AND(AV9<>"00",AV10="00"),CONCATENATE(AV9,"-",AW9))} -> #REF! | AX11: {=_xlfn.IFS(AND(AX9="00",AX10="00"),";H",AND(AX9<>"00",AX10<>"00"),CONCATENATE(AX9,"-",AY10,"(",AY9,"-",AX10,")"),AND(AX9="00",AX10<>"00"),CONCATENATE(AX10,"-",AY10),AND(AX9<>"00",AX10="00"),CONCATENATE(AX9,"-",AY9))} -> #REF! | AZ11: {=_xlfn.IFS(AND(AZ9="00",AZ10="00"),";H",AND(AZ9<>"00",AZ10<>"00"),CONCATENATE(AZ9,"-",BA10,"(",BA9,"-",AZ10,")"),AND(AZ9="00",AZ10<>"00"),CONCATENATE(AZ10,"-",BA10),AND(AZ9<>"00",AZ10="00"),CONCATENATE(AZ9,"-",BA9))} -> #REF! | BB11: {=_xlfn.IFS(AND(BB9="00",BB10="00"),";H",AND(BB9<>"00",BB10<>"00"),CONCATENATE(BB9,"-",BC10,"(",BC9,"-",BB10,")"),AND(BB9="00",BB10<>"00"),CONCATENATE(BB10,"-",BC10),AND(BB9<>"00",BB10="00"),CONCATENATE(BB9,"-",BC9))} -> #REF! | BD11: {=_xlfn.IFS(AND(BD9="00",BD10="00"),";H",AND(BD9<>"00",BD10<>"00"),CONCATENATE(BD9,"-",BE10,"(",BE9,"-",BD10,")"),AND(BD9="00",BD10<>"00"),CONCATENATE(BD10,"-",BE10),AND(BD9<>"00",BD10="00"),CONCATENATE(BD9,"-",BE9))} -> #REF! | BF11: {=_xlfn.IFS(AND(BF9="00",BF10="00"),";H",AND(BF9<>"00",BF10<>"00"),CONCATENATE(BF9,"-",BG10,"(",BG9,"-",BF10,")"),AND(BF9="00",BF10<>"00"),CONCATENATE(BF10,"-",BG10),AND(BF9<>"00",BF10="00"),CONCATENATE(BF9,"-",BG9))} -> #REF! | BH11: {=_xlfn.IFS(AND(BH9="00",BH10="00"),";H",AND(BH9<>"00",BH10<>"00"),CONCATENATE(BH9,"-",BI10,"(",BI9,"-",BH10,")"),AND(BH9="00",BH10<>"00"),CONCATENATE(BH10,"-",BI10),AND(BH9<>"00",BH10="00"),CONCATENATE(BH9,"-",BI9))} -> #REF! | BJ11: {=_xlfn.IFS(AND(BJ9="00",BJ10="00"),";H",AND(BJ9<>"00",BJ10<>"00"),CONCATENATE(BJ9,"-",BK10,"(",BK9,"-",BJ10,")"),AND(BJ9="00",BJ10<>"00"),CONCATENATE(BJ10,"-",BK10),AND(BJ9<>"00",BJ10="00"),CONCATENATE(BJ9,"-",BK9))} -> #REF! | BL11: {=_xlfn.IFS(AND(BL9="00",BL10="00"),";H",AND(BL9<>"00",BL10<>"00"),CONCATENATE(BL9,"-",BM10,"(",BM9,"-",BL10,")"),AND(BL9="00",BL10<>"00"),CONCATENATE(BL10,"-",BM10),AND(BL9<>"00",BL10="00"),CONCATENATE(BL9,"-",BM9))} -> #REF!
B12: =#REF! -> #REF! | D12: =IF(MOD(#REF!,1)=0,CONCATENATE(#REF!,"00"),CONCATENATE(INT(#REF!),"30")) -> #REF! | E12: =IF(MOD(#REF!,1)=0,CONCATENATE(#REF!,"00"),CONCATENATE(INT(#REF!),"30")) -> #REF! | F12: =IF(MOD(#REF!,1)=0,CONCATENATE(#REF!,"00"),CONCATENATE(INT(#REF!),"30")) -> #REF! | G12: =IF(MOD(#REF!,1)=0,CONCATENATE(#REF!,"00"),CONCATENATE(INT(#REF!),"30")) -> #REF! | H12: =IF(MOD(#REF!,1)=0,CONCATENATE(#REF!,"00"),CONCATENATE(INT(#REF!),"30")) -> #REF! | I12: =IF(MOD(#REF!,1)=0,CONCATENATE(#REF!,"00"),CONCATENATE(INT(#REF!),"30")) -> #REF! | J12: =IF(MOD(#REF!,1)=0,CONCATENATE(#REF!,"00"),CONCATENATE(INT(#REF!),"30")) -> #REF! | K12: =IF(MOD(#REF!,1)=0,CONCATENATE(#REF!,"00"),CONCATENATE(INT(#REF!),"30")) -> #REF! | ... BM12: =IF(MOD(#REF!,1)=0,CONCATENATE(#REF!,"00"),CONCATENATE(INT(#REF!),"30")) -> #REF!
D13: =IF(MOD(#REF!,1)=0,CONCATENATE(#REF!,"00"),CONCATENATE(INT(#REF!),"30")) -> #REF! | E13: =IF(MOD(#REF!,1)=0,CONCATENATE(#REF!,"00"),CONCATENATE(INT(#REF!),"30")) -> #REF! | F13: =IF(MOD(#REF!,1)=0,CONCATENATE(#REF!,"00"),CONCATENATE(INT(#REF!),"30")) -> #REF! | G13: =IF(MOD(#REF!,1)=0,CONCATENATE(#REF!,"00"),CONCATENATE(INT(#REF!),"30")) -> #REF! | H13: =IF(MOD(#REF!,1)=0,CONCATENATE(#REF!,"00"),CONCATENATE(INT(#REF!),"30")) -> #REF! | I13: =IF(MOD(#REF!,1)=0,CONCATENATE(#REF!,"00"),CONCATENATE(INT(#REF!),"30")) -> #REF! | J13: =IF(MOD(#REF!,1)=0,CONCATENATE(#REF!,"00"),CONCATENATE(INT(#REF!),"30")) -> #REF! | K13: =IF(MOD(#REF!,1)=0,CONCATENATE(#REF!,"00"),CONCATENATE(INT(#REF!),"30")) -> #REF! | ... BM13: =IF(MOD(#REF!,1)=0,CONCATENATE(#REF!,"00"),CONCATENATE(INT(#REF!),"30")) -> #REF!
D14: {=_xlfn.IFS(AND(D12="00",D13="00"),";H",AND(D12<>"00",D13<>"00"),CONCATENATE(D12,"-",E13,"(",E12,"-",D13,")"),AND(D12="00",D13<>"00"),CONCATENATE(D13,"-",E13),AND(D12<>"00",D13="00"),CONCATENATE(D12,"-",E12))} -> #REF! | F14: {=_xlfn.IFS(AND(F12="00",F13="00"),";H",AND(F12<>"00",F13<>"00"),CONCATENATE(F12,"-",G13,"(",G12,"-",F13,")"),AND(F12="00",F13<>"00"),CONCATENATE(F13,"-",G13),AND(F12<>"00",F13="00"),CONCATENATE(F12,"-",G12))} -> #REF! | H14: {=_xlfn.IFS(AND(H12="00",H13="00"),";H",AND(H12<>"00",H13<>"00"),CONCATENATE(H12,"-",I13,"(",I12,"-",H13,")"),AND(H12="00",H13<>"00"),CONCATENATE(H13,"-",I13),AND(H12<>"00",H13="00"),CONCATENATE(H12,"-",I12))} -> #REF! | J14: {=_xlfn.IFS(AND(J12="00",J13="00"),";H",AND(J12<>"00",J13<>"00"),CONCATENATE(J12,"-",K13,"(",K12,"-",J13,")"),AND(J12="00",J13<>"00"),CONCATENATE(J13,"-",K13),AND(J12<>"00",J13="00"),CONCATENATE(J12,"-",K12))} -> #REF! | L14: {=_xlfn.IFS(AND(L12="00",L13="00"),";H",AND(L12<>"00",L13<>"00"),CONCATENATE(L12,"-",M13,"(",M12,"-",L13,")"),AND(L12="00",L13<>"00"),CONCATENATE(L13,"-",M13),AND(L12<>"00",L13="00"),CONCATENATE(L12,"-",M12))} -> #REF! | N14: {=_xlfn.IFS(AND(N12="00",N13="00"),";H",AND(N12<>"00",N13<>"00"),CONCATENATE(N12,"-",O13,"(",O12,"-",N13,")"),AND(N12="00",N13<>"00"),CONCATENATE(N13,"-",O13),AND(N12<>"00",N13="00"),CONCATENATE(N12,"-",O12))} -> #REF! | P14: {=_xlfn.IFS(AND(P12="00",P13="00"),";H",AND(P12<>"00",P13<>"00"),CONCATENATE(P12,"-",Q13,"(",Q12,"-",P13,")"),AND(P12="00",P13<>"00"),CONCATENATE(P13,"-",Q13),AND(P12<>"00",P13="00"),CONCATENATE(P12,"-",Q12))} -> #REF! | R14: {=_xlfn.IFS(AND(R12="00",R13="00"),";H",AND(R12<>"00",R13<>"00"),CONCATENATE(R12,"-",S13,"(",S12,"-",R13,")"),AND(R12="00",R13<>"00"),CONCATENATE(R13,"-",S13),AND(R12<>"00",R13="00"),CONCATENATE(R12,"-",S12))} -> #REF! | T14: {=_xlfn.IFS(AND(T12="00",T13="00"),";H",AND(T12<>"00",T13<>"00"),CONCATENATE(T12,"-",U13,"(",U12,"-",T13,")"),AND(T12="00",T13<>"00"),CONCATENATE(T13,"-",U13),AND(T12<>"00",T13="00"),CONCATENATE(T12,"-",U12))} -> #REF! | V14: {=_xlfn.IFS(AND(V12="00",V13="00"),";H",AND(V12<>"00",V13<>"00"),CONCATENATE(V12,"-",W13,"(",W12,"-",V13,")"),AND(V12="00",V13<>"00"),CONCATENATE(V13,"-",W13),AND(V12<>"00",V13="00"),CONCATENATE(V12,"-",W12))} -> #REF! | X14: {=_xlfn.IFS(AND(X12="00",X13="00"),";H",AND(X12<>"00",X13<>"00"),CONCATENATE(X12,"-",Y13,"(",Y12,"-",X13,")"),AND(X12="00",X13<>"00"),CONCATENATE(X13,"-",Y13),AND(X12<>"00",X13="00"),CONCATENATE(X12,"-",Y12))} -> #REF! | Z14: {=_xlfn.IFS(AND(Z12="00",Z13="00"),";H",AND(Z12<>"00",Z13<>"00"),CONCATENATE(Z12,"-",AA13,"(",AA12,"-",Z13,")"),AND(Z12="00",Z13<>"00"),CONCATENATE(Z13,"-",AA13),AND(Z12<>"00",Z13="00"),CONCATENATE(Z12,"-",AA12))} -> #REF! | AB14: {=_xlfn.IFS(AND(AB12="00",AB13="00"),";H",AND(AB12<>"00",AB13<>"00"),CONCATENATE(AB12,"-",AC13,"(",AC12,"-",AB13,")"),AND(AB12="00",AB13<>"00"),CONCATENATE(AB13,"-",AC13),AND(AB12<>"00",AB13="00"),CONCATENATE(AB12,"-",AC12))} -> #REF! | AD14: {=_xlfn.IFS(AND(AD12="00",AD13="00"),";H",AND(AD12<>"00",AD13<>"00"),CONCATENATE(AD12,"-",AE13,"(",AE12,"-",AD13,")"),AND(AD12="00",AD13<>"00"),CONCATENATE(AD13,"-",AE13),AND(AD12<>"00",AD13="00"),CONCATENATE(AD12,"-",AE12))} -> #REF! | AF14: {=_xlfn.IFS(AND(AF12="00",AF13="00"),";H",AND(AF12<>"00",AF13<>"00"),CONCATENATE(AF12,"-",AG13,"(",AG12,"-",AF13,")"),AND(AF12="00",AF13<>"00"),CONCATENATE(AF13,"-",AG13),AND(AF12<>"00",AF13="00"),CONCATENATE(AF12,"-",AG12))} -> #REF! | AH14: {=_xlfn.IFS(AND(AH12="00",AH13="00"),";H",AND(AH12<>"00",AH13<>"00"),CONCATENATE(AH12,"-",AI13,"(",AI12,"-",AH13,")"),AND(AH12="00",AH13<>"00"),CONCATENATE(AH13,"-",AI13),AND(AH12<>"00",AH13="00"),CONCATENATE(AH12,"-",AI12))} -> #REF! | AJ14: {=_xlfn.IFS(AND(AJ12="00",AJ13="00"),";H",AND(AJ12<>"00",AJ13<>"00"),CONCATENATE(AJ12,"-",AK13,"(",AK12,"-",AJ13,")"),AND(AJ12="00",AJ13<>"00"),CONCATENATE(AJ13,"-",AK13),AND(AJ12<>"00",AJ13="00"),CONCATENATE(AJ12,"-",AK12))} -> #REF! | AL14: {=_xlfn.IFS(AND(AL12="00",AL13="00"),";H",AND(AL12<>"00",AL13<>"00"),CONCATENATE(AL12,"-",AM13,"(",AM12,"-",AL13,")"),AND(AL12="00",AL13<>"00"),CONCATENATE(AL13,"-",AM13),AND(AL12<>"00",AL13="00"),CONCATENATE(AL12,"-",AM12))} -> #REF! | AN14: {=_xlfn.IFS(AND(AN12="00",AN13="00"),";H",AND(AN12<>"00",AN13<>"00"),CONCATENATE(AN12,"-",AO13,"(",AO12,"-",AN13,")"),AND(AN12="00",AN13<>"00"),CONCATENATE(AN13,"-",AO13),AND(AN12<>"00",AN13="00"),CONCATENATE(AN12,"-",AO12))} -> #REF! | AP14: {=_xlfn.IFS(AND(AP12="00",AP13="00"),";H",AND(AP12<>"00",AP13<>"00"),CONCATENATE(AP12,"-",AQ13,"(",AQ12,"-",AP13,")"),AND(AP12="00",AP13<>"00"),CONCATENATE(AP13,"-",AQ13),AND(AP12<>"00",AP13="00"),CONCATENATE(AP12,"-",AQ12))} -> #REF! | AR14: {=_xlfn.IFS(AND(AR12="00",AR13="00"),";H",AND(AR12<>"00",AR13<>"00"),CONCATENATE(AR12,"-",AS13,"(",AS12,"-",AR13,")"),AND(AR12="00",AR13<>"00"),CONCATENATE(AR13,"-",AS13),AND(AR12<>"00",AR13="00"),CONCATENATE(AR12,"-",AS12))} -> #REF! | AT14: {=_xlfn.IFS(AND(AT12="00",AT13="00"),";H",AND(AT12<>"00",AT13<>"00"),CONCATENATE(AT12,"-",AU13,"(",AU12,"-",AT13,")"),AND(AT12="00",AT13<>"00"),CONCATENATE(AT13,"-",AU13),AND(AT12<>"00",AT13="00"),CONCATENATE(AT12,"-",AU12))} -> #REF! | AV14: {=_xlfn.IFS(AND(AV12="00",AV13="00"),";H",AND(AV12<>"00",AV13<>"00"),CONCATENATE(AV12,"-",AW13,"(",AW12,"-",AV13,")"),AND(AV12="00",AV13<>"00"),CONCATENATE(AV13,"-",AW13),AND(AV12<>"00",AV13="00"),CONCATENATE(AV12,"-",AW12))} -> #REF! | AX14: {=_xlfn.IFS(AND(AX12="00",AX13="00"),";H",AND(AX12<>"00",AX13<>"00"),CONCATENATE(AX12,"-",AY13,"(",AY12,"-",AX13,")"),AND(AX12="00",AX13<>"00"),CONCATENATE(AX13,"-",AY13),AND(AX12<>"00",AX13="00"),CONCATENATE(AX12,"-",AY12))} -> #REF! | AZ14: {=_xlfn.IFS(AND(AZ12="00",AZ13="00"),";H",AND(AZ12<>"00",AZ13<>"00"),CONCATENATE(AZ12,"-",BA13,"(",BA12,"-",AZ13,")"),AND(AZ12="00",AZ13<>"00"),CONCATENATE(AZ13,"-",BA13),AND(AZ12<>"00",AZ13="00"),CONCATENATE(AZ12,"-",BA12))} -> #REF! | BB14: {=_xlfn.IFS(AND(BB12="00",BB13="00"),";H",AND(BB12<>"00",BB13<>"00"),CONCATENATE(BB12,"-",BC13,"(",BC12,"-",BB13,")"),AND(BB12="00",BB13<>"00"),CONCATENATE(BB13,"-",BC13),AND(BB12<>"00",BB13="00"),CONCATENATE(BB12,"-",BC12))} -> #REF! | BD14: {=_xlfn.IFS(AND(BD12="00",BD13="00"),";H",AND(BD12<>"00",BD13<>"00"),CONCATENATE(BD12,"-",BE13,"(",BE12,"-",BD13,")"),AND(BD12="00",BD13<>"00"),CONCATENATE(BD13,"-",BE13),AND(BD12<>"00",BD13="00"),CONCATENATE(BD12,"-",BE12))} -> #REF! | BF14: {=_xlfn.IFS(AND(BF12="00",BF13="00"),";H",AND(BF12<>"00",BF13<>"00"),CONCATENATE(BF12,"-",BG13,"(",BG12,"-",BF13,")"),AND(BF12="00",BF13<>"00"),CONCATENATE(BF13,"-",BG13),AND(BF12<>"00",BF13="00"),CONCATENATE(BF12,"-",BG12))} -> #REF! | BH14: {=_xlfn.IFS(AND(BH12="00",BH13="00"),";H",AND(BH12<>"00",BH13<>"00"),CONCATENATE(BH12,"-",BI13,"(",BI12,"-",BH13,")"),AND(BH12="00",BH13<>"00"),CONCATENATE(BH13,"-",BI13),AND(BH12<>"00",BH13="00"),CONCATENATE(BH12,"-",BI12))} -> #REF! | BJ14: {=_xlfn.IFS(AND(BJ12="00",BJ13="00"),";H",AND(BJ12<>"00",BJ13<>"00"),CONCATENATE(BJ12,"-",BK13,"(",BK12,"-",BJ13,")"),AND(BJ12="00",BJ13<>"00"),CONCATENATE(BJ13,"-",BK13),AND(BJ12<>"00",BJ13="00"),CONCATENATE(BJ12,"-",BK12))} -> #REF! | BL14: {=_xlfn.IFS(AND(BL12="00",BL13="00"),";H",AND(BL12<>"00",BL13<>"00"),CONCATENATE(BL12,"-",BM13,"(",BM12,"-",BL13,")"),AND(BL12="00",BL13<>"00"),CONCATENATE(BL13,"-",BM13),AND(BL12<>"00",BL13="00"),CONCATENATE(BL12,"-",BM12))} -> #REF!
B15: =#REF! -> #REF! | D15: =IF(MOD(#REF!,1)=0,CONCATENATE(#REF!,"00"),CONCATENATE(INT(#REF!),"30")) -> #REF! | E15: =IF(MOD(#REF!,1)=0,CONCATENATE(#REF!,"00"),CONCATENATE(INT(#REF!),"30")) -> #REF! | F15: =IF(MOD(#REF!,1)=0,CONCATENATE(#REF!,"00"),CONCATENATE(INT(#REF!),"30")) -> #REF! | G15: =IF(MOD(#REF!,1)=0,CONCATENATE(#REF!,"00"),CONCATENATE(INT(#REF!),"30")) -> #REF! | H15: =IF(MOD(#REF!,1)=0,CONCATENATE(#REF!,"00"),CONCATENATE(INT(#REF!),"30")) -> #REF! | I15: =IF(MOD(#REF!,1)=0,CONCATENATE(#REF!,"00"),CONCATENATE(INT(#REF!),"30")) -> #REF! | J15: =IF(MOD(#REF!,1)=0,CONCATENATE(#REF!,"00"),CONCATENATE(INT(#REF!),"30")) -> #REF! | K15: =IF(MOD(#REF!,1)=0,CONCATENATE(#REF!,"00"),CONCATENATE(INT(#REF!),"30")) -> #REF! | ... BM15: =IF(MOD(#REF!,1)=0,CONCATENATE(#REF!,"00"),CONCATENATE(INT(#REF!),"30")) -> #REF!
D16: =IF(MOD(#REF!,1)=0,CONCATENATE(#REF!,"00"),CONCATENATE(INT(#REF!),"30")) -> #REF! | E16: =IF(MOD(#REF!,1)=0,CONCATENATE(#REF!,"00"),CONCATENATE(INT(#REF!),"30")) -> #REF! | F16: =IF(MOD(#REF!,1)=0,CONCATENATE(#REF!,"00"),CONCATENATE(INT(#REF!),"30")) -> #REF! | G16: =IF(MOD(#REF!,1)=0,CONCATENATE(#REF!,"00"),CONCATENATE(INT(#REF!),"30")) -> #REF! | H16: =IF(MOD(#REF!,1)=0,CONCATENATE(#REF!,"00"),CONCATENATE(INT(#REF!),"30")) -> #REF! | I16: =IF(MOD(#REF!,1)=0,CONCATENATE(#REF!,"00"),CONCATENATE(INT(#REF!),"30")) -> #REF! | J16: =IF(MOD(#REF!,1)=0,CONCATENATE(#REF!,"00"),CONCATENATE(INT(#REF!),"30")) -> #REF! | K16: =IF(MOD(#REF!,1)=0,CONCATENATE(#REF!,"00"),CONCATENATE(INT(#REF!),"30")) -> #REF! | ... BM16: =IF(MOD(#REF!,1)=0,CONCATENATE(#REF!,"00"),CONCATENATE(INT(#REF!),"30")) -> #REF!
D17: {=_xlfn.IFS(AND(D15="00",D16="00"),";H",AND(D15<>"00",D16<>"00"),CONCATENATE(D15,"-",E16,"(",E15,"-",D16,")"),AND(D15="00",D16<>"00"),CONCATENATE(D16,"-",E16),AND(D15<>"00",D16="00"),CONCATENATE(D15,"-",E15))} -> #REF! | F17: {=_xlfn.IFS(AND(F15="00",F16="00"),";H",AND(F15<>"00",F16<>"00"),CONCATENATE(F15,"-",G16,"(",G15,"-",F16,")"),AND(F15="00",F16<>"00"),CONCATENATE(F16,"-",G16),AND(F15<>"00",F16="00"),CONCATENATE(F15,"-",G15))} -> #REF! | H17: {=_xlfn.IFS(AND(H15="00",H16="00"),";H",AND(H15<>"00",H16<>"00"),CONCATENATE(H15,"-",I16,"(",I15,"-",H16,")"),AND(H15="00",H16<>"00"),CONCATENATE(H16,"-",I16),AND(H15<>"00",H16="00"),CONCATENATE(H15,"-",I15))} -> #REF! | J17: {=_xlfn.IFS(AND(J15="00",J16="00"),";H",AND(J15<>"00",J16<>"00"),CONCATENATE(J15,"-",K16,"(",K15,"-",J16,")"),AND(J15="00",J16<>"00"),CONCATENATE(J16,"-",K16),AND(J15<>"00",J16="00"),CONCATENATE(J15,"-",K15))} -> #REF! | L17: {=_xlfn.IFS(AND(L15="00",L16="00"),";H",AND(L15<>"00",L16<>"00"),CONCATENATE(L15,"-",M16,"(",M15,"-",L16,")"),AND(L15="00",L16<>"00"),CONCATENATE(L16,"-",M16),AND(L15<>"00",L16="00"),CONCATENATE(L15,"-",M15))} -> #REF! | N17: {=_xlfn.IFS(AND(N15="00",N16="00"),";H",AND(N15<>"00",N16<>"00"),CONCATENATE(N15,"-",O16,"(",O15,"-",N16,")"),AND(N15="00",N16<>"00"),CONCATENATE(N16,"-",O16),AND(N15<>"00",N16="00"),CONCATENATE(N15,"-",O15))} -> #REF! | P17: {=_xlfn.IFS(AND(P15="00",P16="00"),";H",AND(P15<>"00",P16<>"00"),CONCATENATE(P15,"-",Q16,"(",Q15,"-",P16,")"),AND(P15="00",P16<>"00"),CONCATENATE(P16,"-",Q16),AND(P15<>"00",P16="00"),CONCATENATE(P15,"-",Q15))} -> #REF! | R17: {=_xlfn.IFS(AND(R15="00",R16="00"),";H",AND(R15<>"00",R16<>"00"),CONCATENATE(R15,"-",S16,"(",S15,"-",R16,")"),AND(R15="00",R16<>"00"),CONCATENATE(R16,"-",S16),AND(R15<>"00",R16="00"),CONCATENATE(R15,"-",S15))} -> #REF! | T17: {=_xlfn.IFS(AND(T15="00",T16="00"),";H",AND(T15<>"00",T16<>"00"),CONCATENATE(T15,"-",U16,"(",U15,"-",T16,")"),AND(T15="00",T16<>"00"),CONCATENATE(T16,"-",U16),AND(T15<>"00",T16="00"),CONCATENATE(T15,"-",U15))} -> #REF! | V17: {=_xlfn.IFS(AND(V15="00",V16="00"),";H",AND(V15<>"00",V16<>"00"),CONCATENATE(V15,"-",W16,"(",W15,"-",V16,")"),AND(V15="00",V16<>"00"),CONCATENATE(V16,"-",W16),AND(V15<>"00",V16="00"),CONCATENATE(V15,"-",W15))} -> #REF! | X17: {=_xlfn.IFS(AND(X15="00",X16="00"),";H",AND(X15<>"00",X16<>"00"),CONCATENATE(X15,"-",Y16,"(",Y15,"-",X16,")"),AND(X15="00",X16<>"00"),CONCATENATE(X16,"-",Y16),AND(X15<>"00",X16="00"),CONCATENATE(X15,"-",Y15))} -> #REF! | Z17: {=_xlfn.IFS(AND(Z15="00",Z16="00"),";H",AND(Z15<>"00",Z16<>"00"),CONCATENATE(Z15,"-",AA16,"(",AA15,"-",Z16,")"),AND(Z15="00",Z16<>"00"),CONCATENATE(Z16,"-",AA16),AND(Z15<>"00",Z16="00"),CONCATENATE(Z15,"-",AA15))} -> #REF! | AB17: {=_xlfn.IFS(AND(AB15="00",AB16="00"),";H",AND(AB15<>"00",AB16<>"00"),CONCATENATE(AB15,"-",AC16,"(",AC15,"-",AB16,")"),AND(AB15="00",AB16<>"00"),CONCATENATE(AB16,"-",AC16),AND(AB15<>"00",AB16="00"),CONCATENATE(AB15,"-",AC15))} -> #REF! | AD17: {=_xlfn.IFS(AND(AD15="00",AD16="00"),";H",AND(AD15<>"00",AD16<>"00"),CONCATENATE(AD15,"-",AE16,"(",AE15,"-",AD16,")"),AND(AD15="00",AD16<>"00"),CONCATENATE(AD16,"-",AE16),AND(AD15<>"00",AD16="00"),CONCATENATE(AD15,"-",AE15))} -> #REF! | AF17: {=_xlfn.IFS(AND(AF15="00",AF16="00"),";H",AND(AF15<>"00",AF16<>"00"),CONCATENATE(AF15,"-",AG16,"(",AG15,"-",AF16,")"),AND(AF15="00",AF16<>"00"),CONCATENATE(AF16,"-",AG16),AND(AF15<>"00",AF16="00"),CONCATENATE(AF15,"-",AG15))} -> #REF! | AH17: {=_xlfn.IFS(AND(AH15="00",AH16="00"),";H",AND(AH15<>"00",AH16<>"00"),CONCATENATE(AH15,"-",AI16,"(",AI15,"-",AH16,")"),AND(AH15="00",AH16<>"00"),CONCATENATE(AH16,"-",AI16),AND(AH15<>"00",AH16="00"),CONCATENATE(AH15,"-",AI15))} -> #REF! | AJ17: {=_xlfn.IFS(AND(AJ15="00",AJ16="00"),";H",AND(AJ15<>"00",AJ16<>"00"),CONCATENATE(AJ15,"-",AK16,"(",AK15,"-",AJ16,")"),AND(AJ15="00",AJ16<>"00"),CONCATENATE(AJ16,"-",AK16),AND(AJ15<>"00",AJ16="00"),CONCATENATE(AJ15,"-",AK15))} -> #REF! | AL17: {=_xlfn.IFS(AND(AL15="00",AL16="00"),";H",AND(AL15<>"00",AL16<>"00"),CONCATENATE(AL15,"-",AM16,"(",AM15,"-",AL16,")"),AND(AL15="00",AL16<>"00"),CONCATENATE(AL16,"-",AM16),AND(AL15<>"00",AL16="00"),CONCATENATE(AL15,"-",AM15))} -> #REF! | AN17: {=_xlfn.IFS(AND(AN15="00",AN16="00"),";H",AND(AN15<>"00",AN16<>"00"),CONCATENATE(AN15,"-",AO16,"(",AO15,"-",AN16,")"),AND(AN15="00",AN16<>"00"),CONCATENATE(AN16,"-",AO16),AND(AN15<>"00",AN16="00"),CONCATENATE(AN15,"-",AO15))} -> #REF! | AP17: {=_xlfn.IFS(AND(AP15="00",AP16="00"),";H",AND(AP15<>"00",AP16<>"00"),CONCATENATE(AP15,"-",AQ16,"(",AQ15,"-",AP16,")"),AND(AP15="00",AP16<>"00"),CONCATENATE(AP16,"-",AQ16),AND(AP15<>"00",AP16="00"),CONCATENATE(AP15,"-",AQ15))} -> #REF! | AR17: {=_xlfn.IFS(AND(AR15="00",AR16="00"),";H",AND(AR15<>"00",AR16<>"00"),CONCATENATE(AR15,"-",AS16,"(",AS15,"-",AR16,")"),AND(AR15="00",AR16<>"00"),CONCATENATE(AR16,"-",AS16),AND(AR15<>"00",AR16="00"),CONCATENATE(AR15,"-",AS15))} -> #REF! | AT17: {=_xlfn.IFS(AND(AT15="00",AT16="00"),";H",AND(AT15<>"00",AT16<>"00"),CONCATENATE(AT15,"-",AU16,"(",AU15,"-",AT16,")"),AND(AT15="00",AT16<>"00"),CONCATENATE(AT16,"-",AU16),AND(AT15<>"00",AT16="00"),CONCATENATE(AT15,"-",AU15))} -> #REF! | AV17: {=_xlfn.IFS(AND(AV15="00",AV16="00"),";H",AND(AV15<>"00",AV16<>"00"),CONCATENATE(AV15,"-",AW16,"(",AW15,"-",AV16,")"),AND(AV15="00",AV16<>"00"),CONCATENATE(AV16,"-",AW16),AND(AV15<>"00",AV16="00"),CONCATENATE(AV15,"-",AW15))} -> #REF! | AX17: {=_xlfn.IFS(AND(AX15="00",AX16="00"),";H",AND(AX15<>"00",AX16<>"00"),CONCATENATE(AX15,"-",AY16,"(",AY15,"-",AX16,")"),AND(AX15="00",AX16<>"00"),CONCATENATE(AX16,"-",AY16),AND(AX15<>"00",AX16="00"),CONCATENATE(AX15,"-",AY15))} -> #REF! | AZ17: {=_xlfn.IFS(AND(AZ15="00",AZ16="00"),";H",AND(AZ15<>"00",AZ16<>"00"),CONCATENATE(AZ15,"-",BA16,"(",BA15,"-",AZ16,")"),AND(AZ15="00",AZ16<>"00"),CONCATENATE(AZ16,"-",BA16),AND(AZ15<>"00",AZ16="00"),CONCATENATE(AZ15,"-",BA15))} -> #REF! | BB17: {=_xlfn.IFS(AND(BB15="00",BB16="00"),";H",AND(BB15<>"00",BB16<>"00"),CONCATENATE(BB15,"-",BC16,"(",BC15,"-",BB16,")"),AND(BB15="00",BB16<>"00"),CONCATENATE(BB16,"-",BC16),AND(BB15<>"00",BB16="00"),CONCATENATE(BB15,"-",BC15))} -> #REF! | BD17: {=_xlfn.IFS(AND(BD15="00",BD16="00"),";H",AND(BD15<>"00",BD16<>"00"),CONCATENATE(BD15,"-",BE16,"(",BE15,"-",BD16,")"),AND(BD15="00",BD16<>"00"),CONCATENATE(BD16,"-",BE16),AND(BD15<>"00",BD16="00"),CONCATENATE(BD15,"-",BE15))} -> #REF! | BF17: {=_xlfn.IFS(AND(BF15="00",BF16="00"),";H",AND(BF15<>"00",BF16<>"00"),CONCATENATE(BF15,"-",BG16,"(",BG15,"-",BF16,")"),AND(BF15="00",BF16<>"00"),CONCATENATE(BF16,"-",BG16),AND(BF15<>"00",BF16="00"),CONCATENATE(BF15,"-",BG15))} -> #REF! | BH17: {=_xlfn.IFS(AND(BH15="00",BH16="00"),";H",AND(BH15<>"00",BH16<>"00"),CONCATENATE(BH15,"-",BI16,"(",BI15,"-",BH16,")"),AND(BH15="00",BH16<>"00"),CONCATENATE(BH16,"-",BI16),AND(BH15<>"00",BH16="00"),CONCATENATE(BH15,"-",BI15))} -> #REF! | BJ17: {=_xlfn.IFS(AND(BJ15="00",BJ16="00"),";H",AND(BJ15<>"00",BJ16<>"00"),CONCATENATE(BJ15,"-",BK16,"(",BK15,"-",BJ16,")"),AND(BJ15="00",BJ16<>"00"),CONCATENATE(BJ16,"-",BK16),AND(BJ15<>"00",BJ16="00"),CONCATENATE(BJ15,"-",BK15))} -> #REF! | BL17: {=_xlfn.IFS(AND(BL15="00",BL16="00"),";H",AND(BL15<>"00",BL16<>"00"),CONCATENATE(BL15,"-",BM16,"(",BM15,"-",BL16,")"),AND(BL15="00",BL16<>"00"),CONCATENATE(BL16,"-",BM16),AND(BL15<>"00",BL16="00"),CONCATENATE(BL15,"-",BM15))} -> #REF!
B18: =#REF! -> #REF! | D18: =IF(MOD(#REF!,1)=0,CONCATENATE(#REF!,"00"),CONCATENATE(INT(#REF!),"30")) -> #REF! | E18: =IF(MOD(#REF!,1)=0,CONCATENATE(#REF!,"00"),CONCATENATE(INT(#REF!),"30")) -> #REF! | F18: =IF(MOD(#REF!,1)=0,CONCATENATE(#REF!,"00"),CONCATENATE(INT(#REF!),"30")) -> #REF! | G18: =IF(MOD(#REF!,1)=0,CONCATENATE(#REF!,"00"),CONCATENATE(INT(#REF!),"30")) -> #REF! | H18: =IF(MOD(#REF!,1)=0,CONCATENATE(#REF!,"00"),CONCATENATE(INT(#REF!),"30")) -> #REF! | I18: =IF(MOD(#REF!,1)=0,CONCATENATE(#REF!,"00"),CONCATENATE(INT(#REF!),"30")) -> #REF! | J18: =IF(MOD(#REF!,1)=0,CONCATENATE(#REF!,"00"),CONCATENATE(INT(#REF!),"30")) -> #REF! | K18: =IF(MOD(#REF!,1)=0,CONCATENATE(#REF!,"00"),CONCATENATE(INT(#REF!),"30")) -> #REF! | ... BM18: =IF(MOD(#REF!,1)=0,CONCATENATE(#REF!,"00"),CONCATENATE(INT(#REF!),"30")) -> #REF!
D19: =IF(MOD(#REF!,1)=0,CONCATENATE(#REF!,"00"),CONCATENATE(INT(#REF!),"30")) -> #REF! | E19: =IF(MOD(#REF!,1)=0,CONCATENATE(#REF!,"00"),CONCATENATE(INT(#REF!),"30")) -> #REF! | F19: =IF(MOD(#REF!,1)=0,CONCATENATE(#REF!,"00"),CONCATENATE(INT(#REF!),"30")) -> #REF! | G19: =IF(MOD(#REF!,1)=0,CONCATENATE(#REF!,"00"),CONCATENATE(INT(#REF!),"30")) -> #REF! | H19: =IF(MOD(#REF!,1)=0,CONCATENATE(#REF!,"00"),CONCATENATE(INT(#REF!),"30")) -> #REF! | I19: =IF(MOD(#REF!,1)=0,CONCATENATE(#REF!,"00"),CONCATENATE(INT(#REF!),"30")) -> #REF! | J19: =IF(MOD(#REF!,1)=0,CONCATENATE(#REF!,"00"),CONCATENATE(INT(#REF!),"30")) -> #REF! | K19: =IF(MOD(#REF!,1)=0,CONCATENATE(#REF!,"00"),CONCATENATE(INT(#REF!),"30")) -> #REF! | ... BM19: =IF(MOD(#REF!,1)=0,CONCATENATE(#REF!,"00"),CONCATENATE(INT(#REF!),"30")) -> #REF!
D20: {=_xlfn.IFS(AND(D18="00",D19="00"),";H",AND(D18<>"00",D19<>"00"),CONCATENATE(D18,"-",E19,"(",E18,"-",D19,")"),AND(D18="00",D19<>"00"),CONCATENATE(D19,"-",E19),AND(D18<>"00",D19="00"),CONCATENATE(D18,"-",E18))} -> #REF! | F20: {=_xlfn.IFS(AND(F18="00",F19="00"),";H",AND(F18<>"00",F19<>"00"),CONCATENATE(F18,"-",G19,"(",G18,"-",F19,")"),AND(F18="00",F19<>"00"),CONCATENATE(F19,"-",G19),AND(F18<>"00",F19="00"),CONCATENATE(F18,"-",G18))} -> #REF! | H20: {=_xlfn.IFS(AND(H18="00",H19="00"),";H",AND(H18<>"00",H19<>"00"),CONCATENATE(H18,"-",I19,"(",I18,"-",H19,")"),AND(H18="00",H19<>"00"),CONCATENATE(H19,"-",I19),AND(H18<>"00",H19="00"),CONCATENATE(H18,"-",I18))} -> #REF! | J20: {=_xlfn.IFS(AND(J18="00",J19="00"),";H",AND(J18<>"00",J19<>"00"),CONCATENATE(J18,"-",K19,"(",K18,"-",J19,")"),AND(J18="00",J19<>"00"),CONCATENATE(J19,"-",K19),AND(J18<>"00",J19="00"),CONCATENATE(J18,"-",K18))} -> #REF! | L20: {=_xlfn.IFS(AND(L18="00",L19="00"),";H",AND(L18<>"00",L19<>"00"),CONCATENATE(L18,"-",M19,"(",M18,"-",L19,")"),AND(L18="00",L19<>"00"),CONCATENATE(L19,"-",M19),AND(L18<>"00",L19="00"),CONCATENATE(L18,"-",M18))} -> #REF! | N20: {=_xlfn.IFS(AND(N18="00",N19="00"),";H",AND(N18<>"00",N19<>"00"),CONCATENATE(N18,"-",O19,"(",O18,"-",N19,")"),AND(N18="00",N19<>"00"),CONCATENATE(N19,"-",O19),AND(N18<>"00",N19="00"),CONCATENATE(N18,"-",O18))} -> #REF! | P20: {=_xlfn.IFS(AND(P18="00",P19="00"),";H",AND(P18<>"00",P19<>"00"),CONCATENATE(P18,"-",Q19,"(",Q18,"-",P19,")"),AND(P18="00",P19<>"00"),CONCATENATE(P19,"-",Q19),AND(P18<>"00",P19="00"),CONCATENATE(P18,"-",Q18))} -> #REF! | R20: {=_xlfn.IFS(AND(R18="00",R19="00"),";H",AND(R18<>"00",R19<>"00"),CONCATENATE(R18,"-",S19,"(",S18,"-",R19,")"),AND(R18="00",R19<>"00"),CONCATENATE(R19,"-",S19),AND(R18<>"00",R19="00"),CONCATENATE(R18,"-",S18))} -> #REF! | T20: {=_xlfn.IFS(AND(T18="00",T19="00"),";H",AND(T18<>"00",T19<>"00"),CONCATENATE(T18,"-",U19,"(",U18,"-",T19,")"),AND(T18="00",T19<>"00"),CONCATENATE(T19,"-",U19),AND(T18<>"00",T19="00"),CONCATENATE(T18,"-",U18))} -> #REF! | V20: {=_xlfn.IFS(AND(V18="00",V19="00"),";H",AND(V18<>"00",V19<>"00"),CONCATENATE(V18,"-",W19,"(",W18,"-",V19,")"),AND(V18="00",V19<>"00"),CONCATENATE(V19,"-",W19),AND(V18<>"00",V19="00"),CONCATENATE(V18,"-",W18))} -> #REF! | X20: {=_xlfn.IFS(AND(X18="00",X19="00"),";H",AND(X18<>"00",X19<>"00"),CONCATENATE(X18,"-",Y19,"(",Y18,"-",X19,")"),AND(X18="00",X19<>"00"),CONCATENATE(X19,"-",Y19),AND(X18<>"00",X19="00"),CONCATENATE(X18,"-",Y18))} -> #REF! | Z20: {=_xlfn.IFS(AND(Z18="00",Z19="00"),";H",AND(Z18<>"00",Z19<>"00"),CONCATENATE(Z18,"-",AA19,"(",AA18,"-",Z19,")"),AND(Z18="00",Z19<>"00"),CONCATENATE(Z19,"-",AA19),AND(Z18<>"00",Z19="00"),CONCATENATE(Z18,"-",AA18))} -> #REF! | AB20: {=_xlfn.IFS(AND(AB18="00",AB19="00"),";H",AND(AB18<>"00",AB19<>"00"),CONCATENATE(AB18,"-",AC19,"(",AC18,"-",AB19,")"),AND(AB18="00",AB19<>"00"),CONCATENATE(AB19,"-",AC19),AND(AB18<>"00",AB19="00"),CONCATENATE(AB18,"-",AC18))} -> #REF! | AD20: {=_xlfn.IFS(AND(AD18="00",AD19="00"),";H",AND(AD18<>"00",AD19<>"00"),CONCATENATE(AD18,"-",AE19,"(",AE18,"-",AD19,")"),AND(AD18="00",AD19<>"00"),CONCATENATE(AD19,"-",AE19),AND(AD18<>"00",AD19="00"),CONCATENATE(AD18,"-",AE18))} -> #REF! | AF20: {=_xlfn.IFS(AND(AF18="00",AF19="00"),";H",AND(AF18<>"00",AF19<>"00"),CONCATENATE(AF18,"-",AG19,"(",AG18,"-",AF19,")"),AND(AF18="00",AF19<>"00"),CONCATENATE(AF19,"-",AG19),AND(AF18<>"00",AF19="00"),CONCATENATE(AF18,"-",AG18))} -> #REF! | AH20: {=_xlfn.IFS(AND(AH18="00",AH19="00"),";H",AND(AH18<>"00",AH19<>"00"),CONCATENATE(AH18,"-",AI19,"(",AI18,"-",AH19,")"),AND(AH18="00",AH19<>"00"),CONCATENATE(AH19,"-",AI19),AND(AH18<>"00",AH19="00"),CONCATENATE(AH18,"-",AI18))} -> #REF! | AJ20: {=_xlfn.IFS(AND(AJ18="00",AJ19="00"),";H",AND(AJ18<>"00",AJ19<>"00"),CONCATENATE(AJ18,"-",AK19,"(",AK18,"-",AJ19,")"),AND(AJ18="00",AJ19<>"00"),CONCATENATE(AJ19,"-",AK19),AND(AJ18<>"00",AJ19="00"),CONCATENATE(AJ18,"-",AK18))} -> #REF! | AL20: {=_xlfn.IFS(AND(AL18="00",AL19="00"),";H",AND(AL18<>"00",AL19<>"00"),CONCATENATE(AL18,"-",AM19,"(",AM18,"-",AL19,")"),AND(AL18="00",AL19<>"00"),CONCATENATE(AL19,"-",AM19),AND(AL18<>"00",AL19="00"),CONCATENATE(AL18,"-",AM18))} -> #REF! | AN20: {=_xlfn.IFS(AND(AN18="00",AN19="00"),";H",AND(AN18<>"00",AN19<>"00"),CONCATENATE(AN18,"-",AO19,"(",AO18,"-",AN19,")"),AND(AN18="00",AN19<>"00"),CONCATENATE(AN19,"-",AO19),AND(AN18<>"00",AN19="00"),CONCATENATE(AN18,"-",AO18))} -> #REF! | AP20: {=_xlfn.IFS(AND(AP18="00",AP19="00"),";H",AND(AP18<>"00",AP19<>"00"),CONCATENATE(AP18,"-",AQ19,"(",AQ18,"-",AP19,")"),AND(AP18="00",AP19<>"00"),CONCATENATE(AP19,"-",AQ19),AND(AP18<>"00",AP19="00"),CONCATENATE(AP18,"-",AQ18))} -> #REF! | AR20: {=_xlfn.IFS(AND(AR18="00",AR19="00"),";H",AND(AR18<>"00",AR19<>"00"),CONCATENATE(AR18,"-",AS19,"(",AS18,"-",AR19,")"),AND(AR18="00",AR19<>"00"),CONCATENATE(AR19,"-",AS19),AND(AR18<>"00",AR19="00"),CONCATENATE(AR18,"-",AS18))} -> #REF! | AT20: {=_xlfn.IFS(AND(AT18="00",AT19="00"),";H",AND(AT18<>"00",AT19<>"00"),CONCATENATE(AT18,"-",AU19,"(",AU18,"-",AT19,")"),AND(AT18="00",AT19<>"00"),CONCATENATE(AT19,"-",AU19),AND(AT18<>"00",AT19="00"),CONCATENATE(AT18,"-",AU18))} -> #REF! | AV20: {=_xlfn.IFS(AND(AV18="00",AV19="00"),";H",AND(AV18<>"00",AV19<>"00"),CONCATENATE(AV18,"-",AW19,"(",AW18,"-",AV19,")"),AND(AV18="00",AV19<>"00"),CONCATENATE(AV19,"-",AW19),AND(AV18<>"00",AV19="00"),CONCATENATE(AV18,"-",AW18))} -> #REF! | AX20: {=_xlfn.IFS(AND(AX18="00",AX19="00"),";H",AND(AX18<>"00",AX19<>"00"),CONCATENATE(AX18,"-",AY19,"(",AY18,"-",AX19,")"),AND(AX18="00",AX19<>"00"),CONCATENATE(AX19,"-",AY19),AND(AX18<>"00",AX19="00"),CONCATENATE(AX18,"-",AY18))} -> #REF! | AZ20: {=_xlfn.IFS(AND(AZ18="00",AZ19="00"),";H",AND(AZ18<>"00",AZ19<>"00"),CONCATENATE(AZ18,"-",BA19,"(",BA18,"-",AZ19,")"),AND(AZ18="00",AZ19<>"00"),CONCATENATE(AZ19,"-",BA19),AND(AZ18<>"00",AZ19="00"),CONCATENATE(AZ18,"-",BA18))} -> #REF! | BB20: {=_xlfn.IFS(AND(BB18="00",BB19="00"),";H",AND(BB18<>"00",BB19<>"00"),CONCATENATE(BB18,"-",BC19,"(",BC18,"-",BB19,")"),AND(BB18="00",BB19<>"00"),CONCATENATE(BB19,"-",BC19),AND(BB18<>"00",BB19="00"),CONCATENATE(BB18,"-",BC18))} -> #REF! | BD20: {=_xlfn.IFS(AND(BD18="00",BD19="00"),";H",AND(BD18<>"00",BD19<>"00"),CONCATENATE(BD18,"-",BE19,"(",BE18,"-",BD19,")"),AND(BD18="00",BD19<>"00"),CONCATENATE(BD19,"-",BE19),AND(BD18<>"00",BD19="00"),CONCATENATE(BD18,"-",BE18))} -> #REF! | BF20: {=_xlfn.IFS(AND(BF18="00",BF19="00"),";H",AND(BF18<>"00",BF19<>"00"),CONCATENATE(BF18,"-",BG19,"(",BG18,"-",BF19,")"),AND(BF18="00",BF19<>"00"),CONCATENATE(BF19,"-",BG19),AND(BF18<>"00",BF19="00"),CONCATENATE(BF18,"-",BG18))} -> #REF! | BH20: {=_xlfn.IFS(AND(BH18="00",BH19="00"),";H",AND(BH18<>"00",BH19<>"00"),CONCATENATE(BH18,"-",BI19,"(",BI18,"-",BH19,")"),AND(BH18="00",BH19<>"00"),CONCATENATE(BH19,"-",BI19),AND(BH18<>"00",BH19="00"),CONCATENATE(BH18,"-",BI18))} -> #REF! | BJ20: {=_xlfn.IFS(AND(BJ18="00",BJ19="00"),";H",AND(BJ18<>"00",BJ19<>"00"),CONCATENATE(BJ18,"-",BK19,"(",BK18,"-",BJ19,")"),AND(BJ18="00",BJ19<>"00"),CONCATENATE(BJ19,"-",BK19),AND(BJ18<>"00",BJ19="00"),CONCATENATE(BJ18,"-",BK18))} -> #REF! | BL20: {=_xlfn.IFS(AND(BL18="00",BL19="00"),";H",AND(BL18<>"00",BL19<>"00"),CONCATENATE(BL18,"-",BM19,"(",BM18,"-",BL19,")"),AND(BL18="00",BL19<>"00"),CONCATENATE(BL19,"-",BM19),AND(BL18<>"00",BL19="00"),CONCATENATE(BL18,"-",BM18))} -> #REF!
B21: =#REF! -> #REF! | D21: =IF(MOD(#REF!,1)=0,CONCATENATE(#REF!,"00"),CONCATENATE(INT(#REF!),"30")) -> #REF! | E21: =IF(MOD(#REF!,1)=0,CONCATENATE(#REF!,"00"),CONCATENATE(INT(#REF!),"30")) -> #REF! | F21: =IF(MOD(#REF!,1)=0,CONCATENATE(#REF!,"00"),CONCATENATE(INT(#REF!),"30")) -> #REF! | G21: =IF(MOD(#REF!,1)=0,CONCATENATE(#REF!,"00"),CONCATENATE(INT(#REF!),"30")) -> #REF! | H21: =IF(MOD(#REF!,1)=0,CONCATENATE(#REF!,"00"),CONCATENATE(INT(#REF!),"30")) -> #REF! | I21: =IF(MOD(#REF!,1)=0,CONCATENATE(#REF!,"00"),CONCATENATE(INT(#REF!),"30")) -> #REF! | J21: =IF(MOD(#REF!,1)=0,CONCATENATE(#REF!,"00"),CONCATENATE(INT(#REF!),"30")) -> #REF! | K21: =IF(MOD(#REF!,1)=0,CONCATENATE(#REF!,"00"),CONCATENATE(INT(#REF!),"30")) -> #REF! | ... BM21: =IF(MOD(#REF!,1)=0,CONCATENATE(#REF!,"00"),CONCATENATE(INT(#REF!),"30")) -> #REF!
D22: =IF(MOD(#REF!,1)=0,CONCATENATE(#REF!,"00"),CONCATENATE(INT(#REF!),"30")) -> #REF! | E22: =IF(MOD(#REF!,1)=0,CONCATENATE(#REF!,"00"),CONCATENATE(INT(#REF!),"30")) -> #REF! | F22: =IF(MOD(#REF!,1)=0,CONCATENATE(#REF!,"00"),CONCATENATE(INT(#REF!),"30")) -> #REF! | G22: =IF(MOD(#REF!,1)=0,CONCATENATE(#REF!,"00"),CONCATENATE(INT(#REF!),"30")) -> #REF! | H22: =IF(MOD(#REF!,1)=0,CONCATENATE(#REF!,"00"),CONCATENATE(INT(#REF!),"30")) -> #REF! | I22: =IF(MOD(#REF!,1)=0,CONCATENATE(#REF!,"00"),CONCATENATE(INT(#REF!),"30")) -> #REF! | J22: =IF(MOD(#REF!,1)=0,CONCATENATE(#REF!,"00"),CONCATENATE(INT(#REF!),"30")) -> #REF! | K22: =IF(MOD(#REF!,1)=0,CONCATENATE(#REF!,"00"),CONCATENATE(INT(#REF!),"30")) -> #REF! | ... BM22: =IF(MOD(#REF!,1)=0,CONCATENATE(#REF!,"00"),CONCATENATE(INT(#REF!),"30")) -> #REF!
D23: {=_xlfn.IFS(AND(D21="00",D22="00"),";H",AND(D21<>"00",D22<>"00"),CONCATENATE(D21,"-",E22,"(",E21,"-",D22,")"),AND(D21="00",D22<>"00"),CONCATENATE(D22,"-",E22),AND(D21<>"00",D22="00"),CONCATENATE(D21,"-",E21))} -> #REF! | F23: {=_xlfn.IFS(AND(F21="00",F22="00"),";H",AND(F21<>"00",F22<>"00"),CONCATENATE(F21,"-",G22,"(",G21,"-",F22,")"),AND(F21="00",F22<>"00"),CONCATENATE(F22,"-",G22),AND(F21<>"00",F22="00"),CONCATENATE(F21,"-",G21))} -> #REF! | H23: {=_xlfn.IFS(AND(H21="00",H22="00"),";H",AND(H21<>"00",H22<>"00"),CONCATENATE(H21,"-",I22,"(",I21,"-",H22,")"),AND(H21="00",H22<>"00"),CONCATENATE(H22,"-",I22),AND(H21<>"00",H22="00"),CONCATENATE(H21,"-",I21))} -> #REF! | J23: {=_xlfn.IFS(AND(J21="00",J22="00"),";H",AND(J21<>"00",J22<>"00"),CONCATENATE(J21,"-",K22,"(",K21,"-",J22,")"),AND(J21="00",J22<>"00"),CONCATENATE(J22,"-",K22),AND(J21<>"00",J22="00"),CONCATENATE(J21,"-",K21))} -> #REF! | L23: {=_xlfn.IFS(AND(L21="00",L22="00"),";H",AND(L21<>"00",L22<>"00"),CONCATENATE(L21,"-",M22,"(",M21,"-",L22,")"),AND(L21="00",L22<>"00"),CONCATENATE(L22,"-",M22),AND(L21<>"00",L22="00"),CONCATENATE(L21,"-",M21))} -> #REF! | N23: {=_xlfn.IFS(AND(N21="00",N22="00"),";H",AND(N21<>"00",N22<>"00"),CONCATENATE(N21,"-",O22,"(",O21,"-",N22,")"),AND(N21="00",N22<>"00"),CONCATENATE(N22,"-",O22),AND(N21<>"00",N22="00"),CONCATENATE(N21,"-",O21))} -> #REF! | P23: {=_xlfn.IFS(AND(P21="00",P22="00"),";H",AND(P21<>"00",P22<>"00"),CONCATENATE(P21,"-",Q22,"(",Q21,"-",P22,")"),AND(P21="00",P22<>"00"),CONCATENATE(P22,"-",Q22),AND(P21<>"00",P22="00"),CONCATENATE(P21,"-",Q21))} -> #REF! | R23: {=_xlfn.IFS(AND(R21="00",R22="00"),";H",AND(R21<>"00",R22<>"00"),CONCATENATE(R21,"-",S22,"(",S21,"-",R22,")"),AND(R21="00",R22<>"00"),CONCATENATE(R22,"-",S22),AND(R21<>"00",R22="00"),CONCATENATE(R21,"-",S21))} -> #REF! | T23: {=_xlfn.IFS(AND(T21="00",T22="00"),";H",AND(T21<>"00",T22<>"00"),CONCATENATE(T21,"-",U22,"(",U21,"-",T22,")"),AND(T21="00",T22<>"00"),CONCATENATE(T22,"-",U22),AND(T21<>"00",T22="00"),CONCATENATE(T21,"-",U21))} -> #REF! | V23: {=_xlfn.IFS(AND(V21="00",V22="00"),";H",AND(V21<>"00",V22<>"00"),CONCATENATE(V21,"-",W22,"(",W21,"-",V22,")"),AND(V21="00",V22<>"00"),CONCATENATE(V22,"-",W22),AND(V21<>"00",V22="00"),CONCATENATE(V21,"-",W21))} -> #REF! | X23: {=_xlfn.IFS(AND(X21="00",X22="00"),";H",AND(X21<>"00",X22<>"00"),CONCATENATE(X21,"-",Y22,"(",Y21,"-",X22,")"),AND(X21="00",X22<>"00"),CONCATENATE(X22,"-",Y22),AND(X21<>"00",X22="00"),CONCATENATE(X21,"-",Y21))} -> #REF! | Z23: {=_xlfn.IFS(AND(Z21="00",Z22="00"),";H",AND(Z21<>"00",Z22<>"00"),CONCATENATE(Z21,"-",AA22,"(",AA21,"-",Z22,")"),AND(Z21="00",Z22<>"00"),CONCATENATE(Z22,"-",AA22),AND(Z21<>"00",Z22="00"),CONCATENATE(Z21,"-",AA21))} -> #REF! | AB23: {=_xlfn.IFS(AND(AB21="00",AB22="00"),";H",AND(AB21<>"00",AB22<>"00"),CONCATENATE(AB21,"-",AC22,"(",AC21,"-",AB22,")"),AND(AB21="00",AB22<>"00"),CONCATENATE(AB22,"-",AC22),AND(AB21<>"00",AB22="00"),CONCATENATE(AB21,"-",AC21))} -> #REF! | AD23: {=_xlfn.IFS(AND(AD21="00",AD22="00"),";H",AND(AD21<>"00",AD22<>"00"),CONCATENATE(AD21,"-",AE22,"(",AE21,"-",AD22,")"),AND(AD21="00",AD22<>"00"),CONCATENATE(AD22,"-",AE22),AND(AD21<>"00",AD22="00"),CONCATENATE(AD21,"-",AE21))} -> #REF! | AF23: {=_xlfn.IFS(AND(AF21="00",AF22="00"),";H",AND(AF21<>"00",AF22<>"00"),CONCATENATE(AF21,"-",AG22,"(",AG21,"-",AF22,")"),AND(AF21="00",AF22<>"00"),CONCATENATE(AF22,"-",AG22),AND(AF21<>"00",AF22="00"),CONCATENATE(AF21,"-",AG21))} -> #REF! | AH23: {=_xlfn.IFS(AND(AH21="00",AH22="00"),";H",AND(AH21<>"00",AH22<>"00"),CONCATENATE(AH21,"-",AI22,"(",AI21,"-",AH22,")"),AND(AH21="00",AH22<>"00"),CONCATENATE(AH22,"-",AI22),AND(AH21<>"00",AH22="00"),CONCATENATE(AH21,"-",AI21))} -> #REF! | AJ23: {=_xlfn.IFS(AND(AJ21="00",AJ22="00"),";H",AND(AJ21<>"00",AJ22<>"00"),CONCATENATE(AJ21,"-",AK22,"(",AK21,"-",AJ22,")"),AND(AJ21="00",AJ22<>"00"),CONCATENATE(AJ22,"-",AK22),AND(AJ21<>"00",AJ22="00"),CONCATENATE(AJ21,"-",AK21))} -> #REF! | AL23: {=_xlfn.IFS(AND(AL21="00",AL22="00"),";H",AND(AL21<>"00",AL22<>"00"),CONCATENATE(AL21,"-",AM22,"(",AM21,"-",AL22,")"),AND(AL21="00",AL22<>"00"),CONCATENATE(AL22,"-",AM22),AND(AL21<>"00",AL22="00"),CONCATENATE(AL21,"-",AM21))} -> #REF! | AN23: {=_xlfn.IFS(AND(AN21="00",AN22="00"),";H",AND(AN21<>"00",AN22<>"00"),CONCATENATE(AN21,"-",AO22,"(",AO21,"-",AN22,")"),AND(AN21="00",AN22<>"00"),CONCATENATE(AN22,"-",AO22),AND(AN21<>"00",AN22="00"),CONCATENATE(AN21,"-",AO21))} -> #REF! | AP23: {=_xlfn.IFS(AND(AP21="00",AP22="00"),";H",AND(AP21<>"00",AP22<>"00"),CONCATENATE(AP21,"-",AQ22,"(",AQ21,"-",AP22,")"),AND(AP21="00",AP22<>"00"),CONCATENATE(AP22,"-",AQ22),AND(AP21<>"00",AP22="00"),CONCATENATE(AP21,"-",AQ21))} -> #REF! | AR23: {=_xlfn.IFS(AND(AR21="00",AR22="00"),";H",AND(AR21<>"00",AR22<>"00"),CONCATENATE(AR21,"-",AS22,"(",AS21,"-",AR22,")"),AND(AR21="00",AR22<>"00"),CONCATENATE(AR22,"-",AS22),AND(AR21<>"00",AR22="00"),CONCATENATE(AR21,"-",AS21))} -> #REF! | AT23: {=_xlfn.IFS(AND(AT21="00",AT22="00"),";H",AND(AT21<>"00",AT22<>"00"),CONCATENATE(AT21,"-",AU22,"(",AU21,"-",AT22,")"),AND(AT21="00",AT22<>"00"),CONCATENATE(AT22,"-",AU22),AND(AT21<>"00",AT22="00"),CONCATENATE(AT21,"-",AU21))} -> #REF! | AV23: {=_xlfn.IFS(AND(AV21="00",AV22="00"),";H",AND(AV21<>"00",AV22<>"00"),CONCATENATE(AV21,"-",AW22,"(",AW21,"-",AV22,")"),AND(AV21="00",AV22<>"00"),CONCATENATE(AV22,"-",AW22),AND(AV21<>"00",AV22="00"),CONCATENATE(AV21,"-",AW21))} -> #REF! | AX23: {=_xlfn.IFS(AND(AX21="00",AX22="00"),";H",AND(AX21<>"00",AX22<>"00"),CONCATENATE(AX21,"-",AY22,"(",AY21,"-",AX22,")"),AND(AX21="00",AX22<>"00"),CONCATENATE(AX22,"-",AY22),AND(AX21<>"00",AX22="00"),CONCATENATE(AX21,"-",AY21))} -> #REF! | AZ23: {=_xlfn.IFS(AND(AZ21="00",AZ22="00"),";H",AND(AZ21<>"00",AZ22<>"00"),CONCATENATE(AZ21,"-",BA22,"(",BA21,"-",AZ22,")"),AND(AZ21="00",AZ22<>"00"),CONCATENATE(AZ22,"-",BA22),AND(AZ21<>"00",AZ22="00"),CONCATENATE(AZ21,"-",BA21))} -> #REF! | BB23: {=_xlfn.IFS(AND(BB21="00",BB22="00"),";H",AND(BB21<>"00",BB22<>"00"),CONCATENATE(BB21,"-",BC22,"(",BC21,"-",BB22,")"),AND(BB21="00",BB22<>"00"),CONCATENATE(BB22,"-",BC22),AND(BB21<>"00",BB22="00"),CONCATENATE(BB21,"-",BC21))} -> #REF! | BD23: {=_xlfn.IFS(AND(BD21="00",BD22="00"),";H",AND(BD21<>"00",BD22<>"00"),CONCATENATE(BD21,"-",BE22,"(",BE21,"-",BD22,")"),AND(BD21="00",BD22<>"00"),CONCATENATE(BD22,"-",BE22),AND(BD21<>"00",BD22="00"),CONCATENATE(BD21,"-",BE21))} -> #REF! | BF23: {=_xlfn.IFS(AND(BF21="00",BF22="00"),";H",AND(BF21<>"00",BF22<>"00"),CONCATENATE(BF21,"-",BG22,"(",BG21,"-",BF22,")"),AND(BF21="00",BF22<>"00"),CONCATENATE(BF22,"-",BG22),AND(BF21<>"00",BF22="00"),CONCATENATE(BF21,"-",BG21))} -> #REF! | BH23: {=_xlfn.IFS(AND(BH21="00",BH22="00"),";H",AND(BH21<>"00",BH22<>"00"),CONCATENATE(BH21,"-",BI22,"(",BI21,"-",BH22,")"),AND(BH21="00",BH22<>"00"),CONCATENATE(BH22,"-",BI22),AND(BH21<>"00",BH22="00"),CONCATENATE(BH21,"-",BI21))} -> #REF! | BJ23: {=_xlfn.IFS(AND(BJ21="00",BJ22="00"),";H",AND(BJ21<>"00",BJ22<>"00"),CONCATENATE(BJ21,"-",BK22,"(",BK21,"-",BJ22,")"),AND(BJ21="00",BJ22<>"00"),CONCATENATE(BJ22,"-",BK22),AND(BJ21<>"00",BJ22="00"),CONCATENATE(BJ21,"-",BK21))} -> #REF! | BL23: {=_xlfn.IFS(AND(BL21="00",BL22="00"),";H",AND(BL21<>"00",BL22<>"00"),CONCATENATE(BL21,"-",BM22,"(",BM21,"-",BL22,")"),AND(BL21="00",BL22<>"00"),CONCATENATE(BL22,"-",BM22),AND(BL21<>"00",BL22="00"),CONCATENATE(BL21,"-",BM21))} -> #REF!
B24: =#REF! -> #REF! | D24: =IF(MOD(#REF!,1)=0,CONCATENATE(#REF!,"00"),CONCATENATE(INT(#REF!),"30")) -> #REF! | E24: =IF(MOD(#REF!,1)=0,CONCATENATE(#REF!,"00"),CONCATENATE(INT(#REF!),"30")) -> #REF! | F24: =IF(MOD(#REF!,1)=0,CONCATENATE(#REF!,"00"),CONCATENATE(INT(#REF!),"30")) -> #REF! | G24: =IF(MOD(#REF!,1)=0,CONCATENATE(#REF!,"00"),CONCATENATE(INT(#REF!),"30")) -> #REF! | H24: =IF(MOD(#REF!,1)=0,CONCATENATE(#REF!,"00"),CONCATENATE(INT(#REF!),"30")) -> #REF! | I24: =IF(MOD(#REF!,1)=0,CONCATENATE(#REF!,"00"),CONCATENATE(INT(#REF!),"30")) -> #REF! | J24: =IF(MOD(#REF!,1)=0,CONCATENATE(#REF!,"00"),CONCATENATE(INT(#REF!),"30")) -> #REF! | K24: =IF(MOD(#REF!,1)=0,CONCATENATE(#REF!,"00"),CONCATENATE(INT(#REF!),"30")) -> #REF! | ... BM24: =IF(MOD(#REF!,1)=0,CONCATENATE(#REF!,"00"),CONCATENATE(INT(#REF!),"30")) -> #REF!
D25: =IF(MOD(#REF!,1)=0,CONCATENATE(#REF!,"00"),CONCATENATE(INT(#REF!),"30")) -> #REF! | E25: =IF(MOD(#REF!,1)=0,CONCATENATE(#REF!,"00"),CONCATENATE(INT(#REF!),"30")) -> #REF! | F25: =IF(MOD(#REF!,1)=0,CONCATENATE(#REF!,"00"),CONCATENATE(INT(#REF!),"30")) -> #REF! | G25: =IF(MOD(#REF!,1)=0,CONCATENATE(#REF!,"00"),CONCATENATE(INT(#REF!),"30")) -> #REF! | H25: =IF(MOD(#REF!,1)=0,CONCATENATE(#REF!,"00"),CONCATENATE(INT(#REF!),"30")) -> #REF! | I25: =IF(MOD(#REF!,1)=0,CONCATENATE(#REF!,"00"),CONCATENATE(INT(#REF!),"30")) -> #REF! | J25: =IF(MOD(#REF!,1)=0,CONCATENATE(#REF!,"00"),CONCATENATE(INT(#REF!),"30")) -> #REF! | K25: =IF(MOD(#REF!,1)=0,CONCATENATE(#REF!,"00"),CONCATENATE(INT(#REF!),"30")) -> #REF! | ... BM25: =IF(MOD(#REF!,1)=0,CONCATENATE(#REF!,"00"),CONCATENATE(INT(#REF!),"30")) -> #REF!
